Name,Lastname,Street,HouseNumber,PostalCode,City,Country,HPOrderNumber,CustomerOrderNumber,CustomerOrderDate,CustomerNumber,HPUSTID,n,PNr,Product,Produkt,LSNr,DeliveryDate,PackID,SerialNr,x,s00,a,s0,s1,total,InvoiceNumber
Falko,Obermoser,Schneckenburgerstraße,4,72511,Bingen bei Sigmaringen,Deutschland,6L55198234,PFJL62477360,2020-12-31,325344556,DE211515277,2,102Q2FE,"Apple MacBook Air Ret. 13"" (2020)",Apple MacBook Air,4286735,2021-01-09,STF2DJ0B81,PJM26833C0,302.51260504201684,605.0252100840337,1.22,606.2452100840337,115.18658991596641,721.4318000000001,9368384
Matthis,Saage,Eigenheimgasse,14,72531,Hohenstein (Württemberg),Deutschland,27O795125892,UBFY13153582,2021-10-14,978175832,DE277109188,2,574J6EV,"HP Chromebook 11A G6 AMD A4-9120C 11.6"" 4GB 32GB Flash 1366x768 Chrome OS Orange",HP Chromebook 11A,429141145,2021-10-23,UDP4DP4Q96,LNI7908M1,302.51260504201684,605.0252100840337,1.22,606.2452100840337,115.18658991596641,721.4318000000001,9848903
Saara,Habedank,Aprikosensteig,6,69231,Rauenberg,Deutschland,75G961568633,VETO75325725,2021-03-26,444121403,DE800571359,1,591Z8SH,"ASUS 15.6"" FULL-HD Laptop AMD 2.50 GHz - 8GB RAM - 512GB SSD - Win11","ASUS 15.6"" FULL-HD Laptop",453738100,2021-04-01,HHG1AB9A97,OFD47044B5,142.84873949579833,142.84873949579833,0.0,142.84873949579833,27.141260504201682,169.99,2607773
Floris,Machemer,Carl-Scheele-Straße,1,72479,Straßberg,Deutschland,76B602587015,NVBR47379774,2021-02-24,793007231,DE848556293,1,998F4FT,"Apple MacBook Air 13.3"" 2020 M1/8/256GB SSD 7C GPU Space Grau MGN63D/A",Apple MacBook Air,802307412,2021-03-02,ZNA6AY8Z56,VYD49873N7,302.51260504201684,302.51260504201684,1.69,304.20260504201684,57.7984949579832,362.00110000000006,4359381
Anton,Labude,Gellertstraße,27,71560,Sulzbach an der Murr,Deutschland,57P19549136,KODL7020992,2021-07-26,269787813,DE392447565,1,119C1TO,"Apple MacBook Air Ret. 13"" (2020)",Apple MacBook Air,45252907,2021-07-26,YYF9CF9I28,XYR21315N0,16.798319327731093,16.798319327731093,7.56,24.358319327731092,4.628080672268908,28.9864,4967204
Kathrin,Oberdieck,Neltestraße,6,72213,Altensteig,Deutschland,60I361324495,MALO54188477,2021-04-28,298146129,DE195214188,1,700U8GE,"Apple MacBook Air Ret. 13"" (2020)",Apple MacBook Air,516415889,2021-04-28,GEZ5ZM4P83,DAX93601S5,67.21848739495798,67.21848739495798,1.78,68.99848739495798,13.109712605042017,82.1082,5644096
Luise,Abas,Friedenstraße,6,68753,Waghäusel,Deutschland,18H494244444,TZXB36355264,2021-05-14,552037807,DE454491700,1,958K8ST,"Apple MacBook Air 13.3"" 2020 M1/16/512GB SSD 8C GPU Space Grau BTO",Apple MacBook Air,142726129,2021-05-16,VIV3OU7Z62,XXI66975R3,0.8319327731092437,0.8319327731092437,0.0,0.8319327731092437,0.1580672268907563,0.99,6093221
Paul,Labsch,Bärdorfer Zeile,65,71546,Aspach bei Backnang,Deutschland,0Y404445466,AZSX72284270,2021-05-03,106897730,DE188914110,2,842M0CM,"Apple MacBook Air Retina 13"" (2020)",Apple MacBook Air,709042292,2021-05-03,NCX9KC3H60,TNJ5451G1,5.033613445378152,10.067226890756304,0.0,10.067226890756304,1.9127731092436977,11.980000000000002,4976767
Ulas,Jackl,Dornbrunner Straße,51,72369,Zimmern unter der Burg,Deutschland,59W953283604,CWMZ24735380,2021-11-26,169573814,DE707080887,1,716A9GL,Neues AngebotNotebook Laptop HP 17-cn0622ng schwarz 256 GB SSD 17.3 Zoll HD+ Windows 10 Home ,Notebook Laptop HP 17,779329106,2021-12-04,PGZ8SK3X49,GPZ1649E2,3.941176470588236,3.941176470588236,0.0,3.941176470588236,0.7488235294117649,4.690000000000001,9693286
Tizian,Jachtmann,Wilhelm-Ostwald-Straße,5,72351,Geislingen (Zollernalbkreis),Deutschland,22H352249803,PSTI82256522,2021-10-12,512663736,DE216517172,1,6N0RQ,"MEDION E13203 Notebook Laptop 33.7cm/13.3"" Full HD Intel N5030 128GB SSD 4GB RAM",MEDION E13203 Notebook Laptop,884520801,2021-10-17,ATF5DE8H40,WOT54931H4,1.6722689075630253,1.6722689075630253,1.24,2.9122689075630253,0.5533310924369748,3.4656000000000002,6744652
Mattes,Saager,Freystadter Weg,12,72532,Gomadingen,Deutschland,43E888618478,ZVKN28163466,2021-07-25,283951496,DE490787592,1,923C1DL,"Apple MacBook Air 13.3"" 2020 M1/8/256GB SSD 7C GPU Silber MGN93D/A",Apple MacBook Air,48734695,2021-07-28,BHF1IF0G68,XWV78816U0,75.6218487394958,75.6218487394958,1.01,76.63184873949581,14.560051260504205,91.19190000000002,3229862
Jutta,Oberbauer,Hackenbergstraße,1,72810,Gomaringen,Deutschland,65F48722007,SUPA90973057,2021-09-07,142529202,DE162486071,1,331D2XA,Samsung NP345X Galaxy Book Go LTE 14'' 4GB 128GB Schul- & Business Notebook PC,Samsung NP345X Galaxy Book,615839731,2021-09-14,APO7EA4B94,VNZ95309M3,126.0420168067227,126.0420168067227,0.0,126.0420168067227,23.947983193277313,149.99,6424045
Ethan,Macedo,Dörpfeldstraße,6,72361,Hausen am Tann,Deutschland,20K245841738,WZIW56807004,2021-12-07,348666744,DE795154676,1,187S7NR,"Apple MacBook Air Retina 13"" (2020)",Apple MacBook Air,898655372,2021-12-07,QYF6LA6Z77,FDW91220R7,10.915966386554622,10.915966386554622,3.0,13.915966386554622,2.6440336134453784,16.560000000000002,2126672
Ronina,Haase,Silberberger Straße,65,68782,Brühl (Baden),Deutschland,30H327268818,XQLX35301675,2021-01-25,169299780,DE773547849,1,352G1KD,HP Notebook 15.6 Zoll AMD Ryzen 5 5500U @4GHz 8GB DDR4 512GB m2 SSD FullHD Win10,HP Notebook 15.6 Zoll,832383286,2021-02-03,JZC6LT9Q56,VBZ78756Q1,2.512605042016807,2.512605042016807,1.5,4.012605042016807,0.7623949579831932,4.775,838826
Lion,Gaebel,Altheider Straße,7,72519,Veringenstadt,Deutschland,35V191804148,VHBE34199393,2021-11-08,755735691,DE7167902,2,123M4EV,HP 17-cp0617ng schwarz Notebook 17.3 Zoll 8GB RAM 1TB SSD Windows 10,HP 17-cp0617ng,900740613,2021-11-09,SKL6LA7D72,IAW77879H5,3.3529411764705888,6.7058823529411775,5.99,12.695882352941178,2.412217647058824,15.108100000000002,9008652
Ari,Bachor,Hauptweg,23,72358,Dormettingen,Deutschland,58A543184926,DIEZ57710123,2020-12-17,889605474,DE517804222,1,167A1PV,"Apple MacBook Air M1 2020 13.3"" 8GB RAM 256GB SSD MGN63D/A. NEU Sonstige",Apple MacBook Air M1,673385969,2020-12-24,FKG1AA9N35,DTD79400C9,2.512605042016807,2.512605042016807,2.4,4.912605042016807,0.9333949579831934,5.846,2719856
Obbo,Idczak,Freystadter Weg,8,71691,Freiberg am Neckar,Deutschland,51B851569470,SGUH48383110,2021-12-09,66731338,DE459017271,1,312T7LT,Neues AngebotTechbite Arc Slim 13.3 Full HD Notebook mit Touchscreen,Neues AngebotTechbite Arc,181176676,2021-12-11,GZS8ON9Y4,DTO41361D8,2.512605042016807,2.512605042016807,1.99,4.502605042016807,0.8554949579831933,5.3581,7533099
Rabea,Haars,Richard-Willstätter-Straße,8,68753,Waghäusel,Deutschland,16C873686244,NHUE66826839,2021-06-29,631833752,DE290608673,2,725B3AL,HP Envy X360 15-eu0556ng 15.6Zoll Convertible Notebook Tablet 512GB 16GB Ram NEU,HP Envy X,946829390,2021-07-04,YUS5IT6R25,ARY9400F1,3.3529411764705888,6.7058823529411775,7.56,14.265882352941176,2.7105176470588237,16.976399999999998,3479291
Laura,Ebbighausen,Hollstraße,25,71229,Leonberg (Württemberg),Deutschland,26Z999608334,ZRUL43890263,2021-04-06,279863248,DE307667719,1,415J0QB,Lenovo ThinkPad X380 Yoga I7-8550U 512GB NVMe SSD 16GB RAM Windows 11 Pro,Pad X380 Yoga I7,44527867,2021-04-12,NRF2VO1B52,XGI34204A9,168.05882352941177,168.05882352941177,0.0,168.05882352941177,31.931176470588237,199.99,6410486
Dewis,Caiazzo,KGA Am Teltowkanal III,2,72539,Pfronstetten,Deutschland,58E99929556,XOBA93566581,2021-11-20,643374362,DE399161782,1,473Y8WV,BESTSELLER  DELL LAPTOP LATITUDE NOTEBOOK  14.1 2.6GHz 320GB 4GB WIFI BT WIN10,BESTSELLER  DELL LAPTOP,263496852,2021-11-22,JCL1OK4I8,PQC16758I4,42.00840336134454,42.00840336134454,0.0,42.00840336134454,7.981596638655463,49.99,1800203
Marlene,Ebenberger,Köpenicker Straße,1,71384,Weinstadt,Deutschland,91O468816650,XAKM14373347,2021-03-09,216690356,DE319014281,1,643O4SA,LENOVO ThinkPad X260 Intel Core i7 6. Gen 2.60GHz 8GB 256GB SSD 12.5 Zoll FHD ,LENOVO ThinkPad X,164569140,2021-03-11,MLB2CQ8H17,EGX69025Z2,3.0168067226890756,3.0168067226890756,4.99,8.006806722689076,1.5212932773109245,9.5281,7509570
Kiki,Oberdörster,Florian-Geyer-Straße,65,72221,Haiterbach,Deutschland,65N569413034,NTVT64181146,2021-01-14,821959176,DE68415530,1,95L9YG,Notebook Lenovo IdeaPad 3 14ADA05. AMD 3020e. 4GB RAM. 128GB SSD. Windows 10 S,Notebook Lenovo IdeaPad 3,158974740,2021-01-16,SYJ0XF2N67,TEG78533L1,3.3529411764705888,3.3529411764705888,2.1,5.452941176470588,1.0360588235294117,6.489,7941744
Benita,Kacan,Selchowstraße,27,69168,Wiesloch,Deutschland,68M383201384,KAFA42539153,2021-07-07,60477703,DE713730893,1,849Q9GW,HP Laptop 15.6 - Intel 2.40 GHz - 8GB - 480GB SSD - USB 3.0 - HDMI - Win10 Prof,HP Laptop 15.6 - Intel,167820079,2021-07-07,ZRE6TP8O53,LWX32381Z3,8.394957983193278,8.394957983193278,1.7,10.094957983193277,1.9180420168067227,12.013,123231
Nova,Haack,Helbigstraße,48,72649,Wolfschlugen,Deutschland,81I580203083,EYGN24650325,2021-10-30,421487954,DE580783375,1,724G9XU,"Notebook HP 255 G8 15.6"". AMD Ryzen 5 5500U. 8GB. 512GB SSD. mit Windows 11 Upd.",Notebook HP 255 G,390794494,2021-11-04,UBQ4IN6Z58,LTD71740F7,67.21848739495798,67.21848739495798,0.0,67.21848739495798,12.771512605042016,79.99,6949904
Hanno,Pacheco,Zinsgutstraße,9,72649,Wolfschlugen,Deutschland,65Y437854006,MIOH6444149,2020-12-16,43665517,DE662090808,1,202B2PD,Neues AngebotSamsung Galaxy Book Pro 360 5G 13.3 Zoll i7 16GB 512GB SSD Win11 Mystic Silver,Neues AngebotSamsung Galaxy Book,845101894,2020-12-25,WBD8QA3M98,HYR14598K3,2.512605042016807,2.512605042016807,1.35,3.862605042016807,0.7338949579831934,4.596500000000001,8390370
Erik,Macchia,Vogelbeerstraße,2,72356,Dautmergen,Deutschland,43T379042937,TIJN99994607,2021-11-25,768928045,DE939612161,1,65J6PT,"Acer Chromebook 315 (CB315-3H-C9GC) 15.6"" Full HD . Intel Celeron N4020. 4GB",Acer Chromebook 315 (CB,851259788,2021-12-03,VXO1HA2P37,WBH46027N5,2.512605042016807,2.512605042016807,1.99,4.502605042016807,0.8554949579831933,5.3581,3847874
Hagar,Pachl,Erich-Thilo-Straße,65,72658,Bempflingen,Deutschland,67W657521002,MOCQ58240048,2021-03-26,478039906,DE520449920,1,173U1MW,Acer Chromebook 314 CB314-1H 14 Zoll Chromebook Notebook Laptop 4GB 64GB QWERTZ,Acer Chromebook 314 CB,292244406,2021-03-31,YQI0XH4H43,VMY62655C8,3.3529411764705888,3.3529411764705888,0.0,3.3529411764705888,0.6370588235294119,3.9900000000000007,9984422
Leni,Oberhofer,Friedlander Straße,8,72361,Hausen am Tann,Deutschland,36B817987539,GKZH94721055,2021-05-02,757185453,DE463193182,1,389B7GK,"Lenovo IdeaPad Duet 10.1"" 64GB Table Notebook Chromebook Laptop 4GB QWERTZ",Lenovo IdeaPad Duet,135232737,2021-05-08,XWG1PJ6M66,WSC35591F4,3.3529411764705888,3.3529411764705888,0.0,3.3529411764705888,0.6370588235294119,3.9900000000000007,2202305
Flora,Abdallah,Husstraße,98,69226,Nußloch,Deutschland,34X526810604,KJKI3892818,2021-09-10,559336467,DE110121065,1,683Y3YH,"Notebook HP 255 G8 15.6"". AMD Ryzen 5 5500U. 8GB RAM. 512GB SSD. ohne Windows","Notebook HP 255 G8 15.6"". AMD",362919417,2021-09-17,JIB9RS0D85,ZOB33979X4,25.201680672268907,25.201680672268907,0.0,25.201680672268907,4.7883193277310925,29.99,2922199
Kim,Oberender,Hauptweg,28,72250,Freudenstadt,Deutschland,1T670194382,AJOK79305003,2021-08-07,651161270,DE798133818,1,374H4IY,"15.6"" Difinity Notebook Intel Quadcore 4x2.20GHz 8GB DDR4 256GB SSD Windows 10","15.6"" Difinity Notebook Intel",188841257,2021-08-11,YDO0CJ3L39,CTV45227W8,8.394957983193278,8.394957983193278,1.54,9.934957983193279,1.887642016806723,11.822600000000001,538962
Sila,Habbel,Barbara-McClintock-Straße,26,69214,Eppelheim,Deutschland,3W48476277,MTHA41663212,2021-06-14,342788940,DE872500421,1,439W9OV,"Neues AngebotLenovo Chromebook C340 (15"") wie neu - 128GB - Mit OVP und Rechnung 06/20",Neues AngebotLenovo Chromebook C340,195013992,2021-06-16,KBF4IP9S35,XBJ81361S3,1.6722689075630253,1.6722689075630253,0.0,1.6722689075630253,0.3177310924369748,1.99,775623
Nika,Haacke,Hollstraße,9,72654,Neckartenzlingen,Deutschland,71O861338858,UYSU70054866,2021-01-11,291553628,DE924056016,1,452H6SN,ACER Chromebook C720 Intel Dualcore 4GB 16GB SSD USB 3.0 11.6 Zoll US-Tastatur ,ACER Chromebook C720 Intel,660545089,2021-01-15,VKU4YR1I23,JIL74633E5,84.02521008403362,84.02521008403362,2.0,86.02521008403362,16.344789915966388,102.37,8199292
Liam,Laborenz,Adlergestell,28,71522,Backnang,Deutschland,51X793968159,UAIM89919149,2021-06-10,961759351,DE434191402,3,66R1BG,Neues AngebotRazer Blade 15 Advanced Model 15.6 Zoll i7-10875H 2.3GHz 32GB RAM - Wie neu,Neues AngebotRazer Blade 15,293659728,2021-06-10,VXZ8QW5C11,PXH75377Q5,10.915966386554622,32.747899159663866,0.0,32.747899159663866,6.222100840336135,38.97,4077787
Kiara,Däppen,Florian-Geyer-Straße,2,69493,Hirschberg an der Bergstraße,Deutschland,27H941678286,HUCZ9282453,2021-03-13,984652979,DE299785462,1,925B5IV,"Apple MacBook Pro 13.3"" 2020 M1/16/512 GB Space Grau BTO",Apple MacBook Pro,616894947,2021-03-18,VVV6BA1P5,NUW89753C9,100.83193277310924,100.83193277310924,0.0,100.83193277310924,19.158067226890758,119.99000000000001,5455727
Josephine,Dado,Heidekampweg,5,69221,Dossenheim,Deutschland,97Z434520063,HUMN74374119,2021-04-02,740468156,DE478379556,1,10U6CK,"Apple MacBook Air 13"" 1.6GHz i5 8GB RAM 128GB SSD MJVE2D Apple FachhÃ¤ndler","Apple MacBook Air 13""",463069943,2021-04-07,VLG2OR9K66,QZJ87842V9,1.6722689075630253,1.6722689075630253,0.0,1.6722689075630253,0.3177310924369748,1.99,8191229
Harry,Ebrahimi,Chris-Gueffroy-Allee,25,72181,Starzach,Deutschland,98P97739166,ACDI73816055,2021-01-07,301178372,DE284934055,1,978V3ES,HP 255 G7 (214F1ES) 39.6cm (15.6 Zoll) Full HD Notebook 1TB+8GB Win10 AMD Laptop,F1ES) 39.6cm (15.6 Zoll) Full HD Notebook 1TB+8GB Win10 AMD Laptop,516669162,2021-01-14,TJT7SK3Z11,PVD97742O3,2.512605042016807,2.512605042016807,7.56,10.072605042016807,1.9137949579831934,11.9864,7570301
Peter,Idrizaj,Nipkowstraße,3,71735,Eberdingen,Deutschland,61G780556077,KEVL3369802,2021-10-15,108686034,DE796488205,1,956X1LH,"HP EliteBook X360 1030 G2 Convertible 13"" FHD i5-7300U 8GB DDR4 500GB SSD 4G/LTE",HP EliteBook X,373038786,2021-10-21,HHB2VW2Q37,FSU13243F4,27.722689075630257,27.722689075630257,7.56,35.28268907563026,6.70371092436975,41.98640000000001,2609952
Adam,Labuske,Husstraße,8,71577,Großerlach,Deutschland,32S352809438,PLBO24547717,2021-09-19,967752197,DE856448376,2,479O6NW,Notebook Lenovo AMD DualCore 2.6GHz - 4GB RAM DDR4 - 256GB SSD Radeon HD Grafik,AMD DualCore 2.6GHz - 4GB RAM DDR4 ,324085309,2021-09-28,TTD5JF4M90,XMT53190R6,50.411764705882355,100.82352941176471,1.01,101.83352941176472,19.348370588235298,121.18190000000001,9621378
Owen,Icöz,Eigenheimgasse,6,71686,Remseck am Neckar,Deutschland,62Y524998235,UWJK66051100,2021-10-28,393723015,DE483680411,1,257U1SQ,Neues AngebotAcer Predator Helios 300 ph317-52,Neues AngebotAcer Predator,362432679,2021-11-03,JPW0NR5L37,HYD22805D1,14.277310924369747,14.277310924369747,1.99,16.267310924369745,3.090789075630252,19.358099999999997,662022
Judith,Daeuber,Hackenbergstraße,84,71088,Holzgerlingen,Deutschland,41K150220393,PGLJ26597369,2021-02-22,869486557,DE43988009,1,802T2JY,Neues AngebotAcer Chromebook Spin 513 (neu. Garantie),Neues AngebotAcer Chromebook,168583029,2021-03-03,YPI5ZR0V51,TNN52425C2,1.6722689075630253,1.6722689075630253,0.0,1.6722689075630253,0.3177310924369748,1.99,3525597
Günter,Paas,Justus-von-Liebig-Straße,12,72535,Heroldstatt,Deutschland,99P879929238,FHYZ71471971,2021-03-15,949879053,DE70779268,1,713B0TY,"ASUS VivoBook R521UA-EJ091T / 15.6"" FHD / i3-7020U / 8GB / 512GB SSD / Win10 ",ASUS VivoBook R,743023947,2021-03-19,UTU7RT1E30,ICP59504O9,33.60504201680673,33.60504201680673,0.0,33.60504201680673,6.384957983193278,39.99000000000001,4238034
Delia,Kadel,Thelenstraße,95,69434,Heddesbach,Deutschland,37P90451330,VURR80795815,2021-04-28,903591958,DE13748385,1,932G9US,"Lenovo ThinkPad X240 12.5"" Notebook Intel i7 4600U 8GB RAM 256 GB SSD Win 10 PRO","Lenovo ThinkPad X240 12.5""",795153264,2021-05-01,OIG3ID0H61,RCD38582Q4,51.25210084033614,51.25210084033614,3.99,55.24210084033614,10.495999159663867,65.7381,9716536
Lion,Quadbeck,Hoffmannstraße,26,72510,Stetten am kalten Markt,Deutschland,75Z88925332,BDDD98391770,2021-02-11,24921813,DE889116117,1,512S2ET,Acer Ultra Gaming Notebook 17.3 i7 10510U 4.9GHz 20GB 1TB SSD Geforce MX250 DDR5,Acer Ultra Gaming,554646869,2021-02-15,VPW3VN1C59,JWZ74623O4,50.411764705882355,50.411764705882355,0.0,50.411764705882355,9.578235294117647,59.99,3984996
Jan,Packert,KGA Holunderbusch,1,72218,Wildberg (Schwarzwald),Deutschland,63D167750800,BWMD21166696,2021-10-11,696762580,DE52359810,2,958R4RM,"Lenovo IdeaPad 3 Chromebook 14IGL 82C1000RGE 14""FHD N4200 4GB/64GB eMMC ChromeOS",Lenovo IdeaPad 3 Chromebook,160736742,2021-10-12,AUK3AS1K67,DKE69708G9,126.0420168067227,252.0840336134454,1.0,253.0840336134454,48.085966386554624,301.17,4947881
Zamira,Ibishi,Friedenstraße,4,71292,Friolzheim,Deutschland,35J876007653,CETI84839771,2021-09-11,442249912,DE268457157,1,771C4EL,"HP 255 G7 15"" Notebook + D2 ALLNET- & SMS-FLAT + 15 GB LTE f. 29.99 EUR mtl",Notebook + D2 ALLNET- & SMS,302583787,2021-09-16,XDR6IJ9Z35,NED44511S7,50.411764705882355,50.411764705882355,0.0,50.411764705882355,9.578235294117647,59.99,9462980
Baldur,Bacic,Anna-Seghers-Straße,4,72367,Weilen unter den Rinnen,Deutschland,86W271685051,KRHL62959302,2021-10-12,443570496,DE250725468,1,791W7TW,HP ENVY X360 13-ay0655ng (Ryzen 7 4700U. 16 GB RAM. 1 TB SSD. AMD Radeon. Touch),HP ENVY X360 13-ay0655ng,260589044,2021-10-14,DOR9JT7L22,OYL33292I6,0.8319327731092437,0.8319327731092437,0.0,0.8319327731092437,0.1580672268907563,0.99,9197706
Andrea,Aberer,Selchowstraße,48,71144,Steinenbronn,Deutschland,7Q97169728,URWU84603912,2021-04-09,818046325,DE288589147,1,549H3EL,"Lenovo Yoga Slim 7 82A2005SGE - 14"" FHD IPS. AMD Ryzen 5 4500U. 8GB RAM. 512GB",Lenovo Yoga Slim 7,698551117,2021-04-11,IBF4CX6N86,NFT15670S2,3.3529411764705888,3.3529411764705888,0.0,3.3529411764705888,0.6370588235294119,3.9900000000000007,2776163
Alexander,Labudda,Friedenstraße,5,71554,Weissach im Tal,Deutschland,64U15816822,LYQU52523228,2021-11-13,330834066,DE889495568,1,451O4OH,HP 255 G8 Notebook 15.6 Zoll AMD Ryzen 5 5500U 8GB DDR4 512GB m.2 SSD Windows 11,HP 255 G8 Notebook,23006152,2021-11-15,FAX9FZ5U78,JIB29129L3,100.83193277310924,100.83193277310924,2.99,103.82193277310924,19.726167226890755,123.54809999999999,6039276
Nika,Ibric,Altheider Straße,65,71409,Schwaikheim,Deutschland,26X489740363,SBAW93556431,2021-03-31,823988246,DE329946067,1,763D5ZK,Acer TravelMate 4070 Nr.55 als Ersatzteil/Defekt,Acer TravelMate 4070 Nr,179114496,2021-04-03,EVJ1MJ3B78,HRZ68405Q5,75.6218487394958,75.6218487394958,0.0,75.6218487394958,14.368151260504202,89.99000000000001,4129178
Oda,Haaf,Moissistraße,62,72657,Altenriet,Deutschland,42N764795179,ZFSL78573726,2021-04-21,97723296,DE858915786,1,84V6JK,toshiba PSAA8E als Ersatzteil/Defekt Nr. 13,toshiba PSAA8E,346434161,2021-04-25,JNV8LL4H29,RBW67815E9,126.0420168067227,126.0420168067227,1.69,127.7320168067227,24.269083193277314,152.0011,6420144
Jonna,Dähnert,Friedenstraße,7,69256,Mauer (Baden),Deutschland,71T960087887,XPNU14716327,2021-01-23,56303434,DE445253870,1,880T0GS,Toshiba PS605E- 00004- GR Nr.20 als Ersatzteil/Defekt,Toshiba PS605E,733431604,2021-02-01,MSV3RU7V19,SOJ71859P4,3.941176470588236,3.941176470588236,0.0,3.941176470588236,0.7488235294117649,4.690000000000001,1827997
Fabrizia,Calcagno,Magnusstraße,2,72669,Unterensingen,Deutschland,3D80333385,AUOW45443632,2021-03-29,785733503,DE97043992,1,406I1EJ,Hyrican 8050 als Ersatzteil/Defekt Nr. 3,Hyrican 8050 als Ersatzteil,220710515,2021-04-01,YEQ0HA1N82,CZV97600M5,10.915966386554622,10.915966386554622,0.0,10.915966386554622,2.074033613445378,12.99,8026906
Justyna,Oberauer,Genossenschaftsstraße,8,72805,Lichtenstein (Württemberg),Deutschland,30A93151963,IMJH22769460,2021-04-22,780165040,DE946822000,1,526H7OW,Notebook HP AMD Ryzen5 5500 6-Kern 4GHz 16GB 1TB SSD AMD Radeon Windows 11 Pro,AMD Ryzen5 5500 6,981911042,2021-04-24,VPW7EG9H75,SPA99546U9,420.15966386554624,420.15966386554624,0.0,420.15966386554624,79.83033613445379,499.99,4071451
Luna,Oberkofler,Köpenicker Straße,9,72379,Hechingen,Deutschland,7G63353396,OTKB31487177,2021-02-02,426233977,DE824342512,1,969Y7PF,ASUS L8400 als Ersatzteil/Defekt Nr. 45,ASUS L8400 als,174355846,2021-02-11,HDY9GY0C92,SAA51883G4,10.915966386554622,10.915966386554622,5.99,16.905966386554624,3.2121336134453786,20.118100000000002,9114986
Bentje,Baacke,Justus-von-Liebig-Straße,12,71272,Renningen,Deutschland,56A571839881,DSRP40352473,2021-09-07,716932010,DE75424641,1,86L9YE,"Neues AngebotHP EliteBook 850 G7 Laptop 15.6"" Core i5-10310U Touch 475GB 16GB Garantie bis 23",Neues AngebotHP EliteBook,170964678,2021-09-15,MCU5HO9X23,AXY53767H2,5.033613445378152,5.033613445378152,0.0,5.033613445378152,0.9563865546218489,5.990000000000001,5441089
Maxim,Saal,Glienicker Weg,17,72537,Mehrstetten,Deutschland,87U727133690,PEDV86661656,2021-11-20,901088368,DE515674316,1,122P8UJ,"HP Chromebook x360 14a-ca0005ng 14"" FHD IPS Touch. Intel N4020. 4GB RAM. 64GB",HP Chromebook x360 14a-ca0005ng,855009943,2021-11-28,IZN6BD4A66,FQY3973M0,67.21848739495798,67.21848739495798,0.0,67.21848739495798,12.771512605042016,79.99,8058017
Andreas,Lacher,Genossenschaftsstraße,2,71711,Murr,Deutschland,93A4921931,SFEA90291696,2021-01-27,864073189,DE241612910,2,951P2ZE,"Neues AngebotNOTEBOOK LENOVO THINKPAD X1 CARBON G5 i5-7200U 8GB 256GB SSD 14"" FHD WIN 10 HOME",Neues AngebotNOTEBOOK LENOVO THINKPAD,8496319,2021-01-31,TVF3ZR3E33,HUK72709Y8,126.0420168067227,252.0840336134454,0.0,252.0840336134454,47.895966386554626,299.98,7708543
Kristian,Päckert,Bohrauer Pfad,25,72367,Weilen unter den Rinnen,Deutschland,69V678059810,WSXX66390829,2021-08-26,903403212,DE977171236,1,694G4CB,Neues AngebotNOTEBOOK FUJITSU LIFEBOOK U757 CORE i5-7200U 8GB 256GB SSD WLAN 4G WIN 10 PRO,NOTEBOOK FUJITSU LIFEBOOK U757 CORE i5,858818783,2021-08-30,FVG5KZ7Y39,WNW85141Z5,16.798319327731093,16.798319327731093,1.69,18.488319327731094,3.512780672268908,22.0011,6300897
Bastian,Caballero,Handjerystraße,51,72415,Grosselfingen,Deutschland,52B73288087,XGVG96347512,2021-12-08,133243509,DE537597615,1,156P1XN,"Lenovo V15 Notebook 15.6"" AMD 3020E @2.6GHz 4-16GB DDR4 256GB-2TB SSD HD Win 10",Lenovo V15 Notebook,650376299,2021-12-12,SJT6NK0L23,WOH87553V9,1.6722689075630253,1.6722689075630253,0.0,1.6722689075630253,0.3177310924369748,1.99,952800
Jean,Ober,Bärdorfer Zeile,84,72667,Schlaitdorf,Deutschland,65N526699912,VNUH2558155,2021-02-28,627819279,DE529528305,2,316Y8LA,Notebook HP AMD Ryzen 5 5500 6-Kern 4GHz 32GB 1TB SSD AMD Radeon Windows 10 Pro,Notebook HP AMD Ryzen,488119618,2021-03-02,XXW0PR2L58,IFZ38316H1,42.00840336134454,84.01680672268908,0.0,84.01680672268908,15.963193277310927,99.98,8548917
Theodor,Jablonski,Silberberger Straße,12,72226,Simmersfeld,Deutschland,35T315634160,OGVX15352665,2021-08-12,793957410,DE486071388,2,524X8RY,"MEDION Akoya E15303 15.6"" Full-HD. AMD Ryzen 5-4500U. 16GB DDR4 RAM. 512GB M.2",MEDION Akoya E,313619360,2021-08-17,DHV9EB2U98,GTA89803Z5,67.21848739495798,134.43697478991595,0.0,134.43697478991595,25.543025210084032,159.98,4527296
Fynn,Eberherr,Vogelbeerstraße,28,71563,Affalterbach,Deutschland,85H179621424,ZJTL89010041,2021-07-07,386864841,DE587766610,1,912C8DU,hp T18N040.00 als Ersatzteil/Defekt Nr. 16,hp T18N,574289468,2021-07-10,LGI1SF7R33,BZG41701T2,5.033613445378152,5.033613445378152,0.0,5.033613445378152,0.9563865546218489,5.990000000000001,8627140
Caecilia,Baam,Rudower Chaussee,84,71364,Winnenden,Deutschland,44H653473343,HKLX46689613,2021-06-19,91705436,DE723850130,4,471I6BI,DELL PP13S als Ersatzteil/Defekt Nr. 51,DELL PP13S,716380422,2021-06-26,KJK3YX1G91,JEF68379Z1,50.411764705882355,201.64705882352942,1.35,202.99705882352941,38.56944117647059,241.56650000000002,5789176
Christiane,Baak,Ernst-Lau-Straße,26,71287,Weissach,Deutschland,66O494726032,OPAR80815416,2021-08-21,290605664,DE973790590,1,549O4DB,DELL PP05XA als Ersatzteil/Defekt Nr. 34,DELL PP05XA,852716531,2021-08-28,PWV4LW1N1,HTE31375Y3,16.798319327731093,16.798319327731093,1.7,18.498319327731092,3.5146806722689075,22.012999999999998,8521397
Gwen,Machinek,Agavensteig,1,72514,Inzigkofen,Deutschland,92O527735810,HCIV40772128,2021-07-31,253585205,DE233440538,2,160K5CM,HP omnibook XE3 als Ersatzteil/Defekt Nr. 48,HP omnibook XE,354150973,2021-08-02,EBO8PR8B13,PLY6632F2,168.05882352941177,336.11764705882354,0.0,336.11764705882354,63.862352941176475,399.98,7417052
Berit,Baack,Albert-Einstein-Straße,61,71263,Weil der Stadt,Deutschland,64N716085588,LFOD39374818,2021-02-05,440097402,DE19901448,1,488F8OK,"HP 255 G7 214L9ES 15.6"" FHD. AMD Athlon 3050U Dual-Core. 8GB RAM. 256GB SSD.",HP 255 G7 214L,414409535,2021-02-10,EPB7IB1C87,DHO15624D5,5.873949579831933,5.873949579831933,0.0,5.873949579831933,1.1160504201680672,6.99,7644922
Anette,Abdullah,Moissistraße,2,69437,Neckargerach,Deutschland,39P819228120,ARKO87177516,2021-02-11,79764211,DE433826354,1,878B3NJ,xeron B750 Nr.123 als Ersatzteil/Defekt,xeron B750 Nr,275569392,2021-02-12,VZI6RA0K96,BNT41786Q6,67.21848739495798,67.21848739495798,2.99,70.20848739495797,13.339612605042014,83.54809999999998,5564719
Klara,Oberbichler,Husstraße,9,72820,Sonnenbühl,Deutschland,92H674002135,NQDU56102572,2021-04-01,959991194,DE335530577,1,943A0AL,"HP G7 15.6"" Notebook AMD 8GB 256GB SSD Full HD DVD-RW Win10 Pro Offcie W-Lan","HP G7 15.6"" Notebook",210005475,2021-04-03,MGY6PX3T33,MBG38254L7,84.02521008403362,84.02521008403362,0.0,84.02521008403362,15.964789915966387,99.99000000000001,4587695
Dag,Cagla,Otto-Franke-Straße,1,72525,Münsingen (Württemberg),Deutschland,80Z431185924,EGHP15867255,2021-07-06,753360624,DE327178980,2,226E6WO,Neues AngebotHP 17-CN0365NG Notebook. 17.3 Zoll. i7. 8GB RAM. 512GB SSD. Intel Iris Xe Grafik,HP 17,930492358,2021-07-09,ASE0MR7T43,IKD60879A0,84.02521008403362,168.05042016806723,1.35,169.40042016806723,32.18607983193277,201.5865,9573853
Eliot,Cakici,Ernst-Lau-Straße,1,72631,Aichtal,Deutschland,65Z829542858,BLAO14790175,2021-06-21,215965707,DE63833179,1,301Z2TY,Apple MacBook Air (M1. 2020) MGN93D/A Silber Apple M1 Chip mit 8-Core CPU. 8GB,Apple MacBook Air (M1.,819884158,2021-06-25,IVK4LR9O0,FHK95339N0,1.6722689075630253,1.6722689075630253,3.99,5.662268907563026,1.075831092436975,6.738100000000001,3932902
Heike,Dabow,Felsenfest,8,68723,Plankstadt,Deutschland,47S182177583,VTXZ67812773,2021-09-01,81713150,DE124035336,1,368G9GN,Neues AngebotAcer Aspire ES1-512  gebraucht 15.5 Zoll 256GB SSD 8GB Ram,Neues AngebotAcer Aspire,797252645,2021-09-02,UFM6BA1F51,FKM86003I2,42.00840336134454,42.00840336134454,6.43,48.43840336134454,9.203296638655463,57.6417,6539829
Miriam,Ebensperger,Radickestraße,6,71522,Backnang,Deutschland,19P703878641,WCWE97213119,2021-02-26,798129320,DE947309787,1,250M2KB,"Lenovo IdeaPad 1 81VU00A4GE - 14"" FHD IPS. Intel Celeron N4020. 4GB RAM. 128GB",Lenovo IdeaPad 1 81VU00A4GE,843426134,2021-02-27,MWO6MJ6N65,KZF90739W5,5.369747899159663,5.369747899159663,2.0,7.369747899159663,1.4002521008403361,8.77,9035300
Dario,Maaß,Köpenicker Straße,26,72224,Ebhausen,Deutschland,53C340086727,BSGR74288298,2021-08-26,923779114,DE39197094,3,557V3KY,HP 14 Zoll Notebook 14s-fq0206ng 4GB RAM 64GB eMMC AMD Athlon USB-C weiÃŸ B-WARE,HP 14 Zoll Notebook,61445766,2021-09-03,JXW1ZA8P34,UHY79632P1,1.6722689075630253,5.016806722689076,0.0,5.016806722689076,0.9531932773109244,5.97,5311649
Bamika,Kache,KGA Am Teltowkanal III,25,69190,Walldorf (Baden),Deutschland,29O161563160,SUGG63703866,2021-02-07,689831202,DE609447310,1,613I3KY,Lenovo V15 G2 ITL Intel i5-1135G7 @4.2GHz 8-24GB DDR4 512GB-2TB SSD Win10 Laptop,Lenovo V15 G,356731256,2021-02-09,ZZY1UU6Q24,VOG29551B0,1.6722689075630253,1.6722689075630253,2.33,4.002268907563026,0.7604310924369748,4.762700000000001,1812731
Henri,Ebertz,Thelenstraße,9,71732,Tamm,Deutschland,65Y238846191,SQBC81638827,2021-11-04,248170388,DE844240386,1,145L4NC,"Neues AngebotSAMSUNG Galaxy Book Go LTE Notebook 13.97"" 700Series 4GB 128GB NEU&OVP",Neues AngebotSAMSUNG Galaxy,681691457,2021-11-09,WVL0WX0P43,ASY66743K3,75.6218487394958,75.6218487394958,0.0,75.6218487394958,14.368151260504202,89.99000000000001,7657477
Caren,Baalmann,Richard-Willstätter-Straße,6,71299,Wimsheim,Deutschland,81R967480758,XOHT66767280,2021-05-05,471551514,DE668193467,1,893R7NA,"Acer Nitro 5 (AN515-55-55DJ) 15.6"" Full HD IPS. Intel i5-10300H . 8GB RAM.",Acer Nitro 5 (AN,885961182,2021-05-12,OQI9JW5Z33,NCG30728M5,1.6722689075630253,1.6722689075630253,1.24,2.9122689075630253,0.5533310924369748,3.4656000000000002,1676150
Jari,Padgett,Glanzstraße,45,72348,Rosenfeld,Deutschland,39A479770243,NLRS98926621,2021-11-11,891791577,DE949683943,1,742R3ZW,Fujitsu Siemens MA2216 als Ersatzteil/Defekt Nr. 49,Fujitsu Siemens MA,661348235,2021-11-18,FVN5FO4Z97,MXX30949T0,25.201680672268907,25.201680672268907,0.0,25.201680672268907,4.7883193277310925,29.99,5280673
Yunus,Jacquet,Heidekampweg,7,72514,Inzigkofen,Deutschland,9X34671278,AKCY31678258,2021-11-29,545495077,DE558783694,1,118D2XF,Lenovo ThinkPad X395 Touch Notebook Ryzen 7 3700U 16GB RAM 512GB SSD 13.3 Zoll,Lenovo ThinkPad X395 Touch,108739232,2021-12-06,GVA9XV0M15,HJZ35045P5,84.02521008403362,84.02521008403362,1.99,86.01521008403361,16.342889915966385,102.3581,8403091
Dieter,Maatz,Radickestraße,84,72296,Schopfloch (Schwarzwald),Deutschland,55S52658393,CAUJ9830824,2021-10-29,957971202,DE626456641,1,995M9EG,Neues Angebot*TOP ZUSTAND* HP EliteBook 840 G5 i7-8550U 16GB NEUE 1TB SSD WIN10 WEBCAM FHD,TOP ZUSTAND* HP EliteBook 840 G5 i7,308101097,2021-11-02,QUY9SX3V2,UXP33394R4,0.8319327731092437,0.8319327731092437,3.0,3.831932773109244,0.7280672268907563,4.5600000000000005,1039602
Kadmos,Päffgen,Florian-Geyer-Straße,4,72379,Hechingen,Deutschland,34B224491891,ESXT67468310,2021-04-29,634138959,DE69924623,2,807F0HK,"Lenovo IdeaPad 5 82FE005NGE - 14"" FHD IPS. Intel i5-1135G7. 8GB RAM. 512GB",Lenovo IdeaPad 5 82FE,337043348,2021-04-30,QGA8RP0O23,CLV83840U0,3.3529411764705888,6.7058823529411775,1.54,8.245882352941177,1.5667176470588235,9.8126,1406122
Lena,Oberhaus,Büchnerweg,25,72356,Dautmergen,Deutschland,45X744126323,RKHH77159156,2021-11-25,202303624,DE450697075,1,456X6IO,Neues AngebotASUS FX706HC-HX007T Gamingbook. 17 Zoll. i5. 16GB RAM. 512GB SSD.GF RTX 3050,Neues AngebotASUS FX706HC-HX007T Gamingbook.,622193991,2021-11-25,PUJ7LJ8J19,XTQ83028I9,3.0168067226890756,3.0168067226890756,0.0,3.0168067226890756,0.5731932773109244,3.59,523457
Edda,Abdalla,Hoffmannstraße,9,69221,Dossenheim,Deutschland,6Z927777776,WJBT79283402,2021-01-05,896574876,DE303218261,1,818W6XD,"Acer Swift 1 (SF114-34-P6U1) - 14"" Full-HD IPS. Pentium N6000. 4GB RAM. 128GB",Acer Swift 1 (SF,169744391,2021-01-14,ZCW6VM3N41,BGS150S1,16.798319327731093,16.798319327731093,0.0,16.798319327731093,3.191680672268908,19.990000000000002,3957649
Freya,Baberowski,Dornbrunner Straße,29,71691,Freiberg am Neckar,Deutschland,86B43689297,RJPJ13546563,2021-09-18,787212818,DE626171737,2,306S8MP,LAPTOP 17 ZOLL ASUS F712 - INTEL CORE i7 - BIS 32GB RAM SSD + HDD - WINDOWS 11,ASUS F712 - INTEL CORE i7 - BIS 32GB RAM SSD + HDD ,322699816,2021-09-18,JZX6US4S52,JPY16851L0,1.6722689075630253,3.3445378151260505,1.0,4.344537815126051,0.8254621848739497,5.170000000000001,312470
Jona,Pacyna,Bodelschwinghstraße,9,72229,Rohrdorf (Kreis Calw),Deutschland,32T277038558,WSHN71847359,2021-04-23,767329678,DE204617669,1,214Y6TK,ASUS Gaming Ryzen 7 5800H 8-Kern 4.4GHz RTX 3060 64GB RAM 1TB SSD WINDOWS 10,ASUS Gaming Ryzen,726237636,2021-04-30,SCC7KD5G40,UIW5568Z0,67.21848739495798,67.21848739495798,0.0,67.21848739495798,12.771512605042016,79.99,1541128
Louisa,Oberhäuser,Altheider Straße,5,72348,Rosenfeld,Deutschland,32L650097763,EINY34589097,2021-02-02,495768985,DE574567535,1,304D6TW,"HP 255 G8 45R24ES 15.6"" FHD. Ryzen 7 5700U. 16GB RAM. 512GB SSD. Windows 10",HP 255 G8 45R,394223653,2021-02-05,TOF5EI5U94,JDU94205S8,14.277310924369747,14.277310924369747,0.0,14.277310924369747,2.712689075630252,16.99,2167759
Juna,Oancea,Eschenbachstraße,26,72639,Neuffen,Deutschland,89C810622857,FBBJ91414651,2021-10-21,474437609,DE642434061,1,249Y0GK,MICROSOFT 13.5 Zoll Notebook Surface Laptop 4 256GB SSD Ryzen 5 platin B-Ware,MICROSOFT 13.5 Zoll Notebook,609726614,2021-10-24,WVL5TN6N17,IOK27357H3,3.3529411764705888,3.3529411764705888,0.0,3.3529411764705888,0.6370588235294119,3.9900000000000007,9273169
Hanna,Dabrowska,Frauenlobstraße,1,68723,Schwetzingen,Deutschland,66G229565643,WKZJ82294619,2021-01-03,937543313,DE23708051,1,511K4GN,"Notebook ASUS F515MA-BQ549 15.6"". Celeron N4020. 4GB DDR4. 256GB. Win 10 Home",Notebook ASUS F,346051320,2021-01-12,NOY3QF7M87,UZS52911O3,67.21848739495798,67.21848739495798,0.0,67.21848739495798,12.771512605042016,79.99,3807618
Lena,Ebadi,Friedlander Straße,26,71149,Bondorf,Deutschland,3O555782134,JXSR60654217,2021-02-16,686773021,DE7702308,1,721K3KY,"Notebook HP 15.6"" Pavilion Gaming. Ryzen 5 4600H. 8GB. 512GB. GTX1650. Win 10","Notebook HP 15.6"" Pavilion",196520722,2021-02-22,NAW8YU5U41,LHD7010F3,84.02521008403362,84.02521008403362,1.35,85.37521008403361,16.221289915966388,101.59649999999999,7219878
Tardis,Habelt,Felsenfest,9,69254,Malsch bei Wiesloch,Deutschland,4Q827356536,MGRQ20623738,2021-11-23,739024155,DE972445205,2,243F7MR,"Panasonic Toughbook CF-C2 MK1 12.5"" HD Touch Intel Core i5 8GB RAM 256GB SSD #",Panasonic Toughbook CF,462797819,2021-11-26,XBD9CH3D14,VYX37473L3,302.51260504201684,605.0252100840337,0.0,605.0252100840337,114.9547899159664,719.9800000000001,9145288
Coco,Baars,Silberberger Straße,6,71394,Kernen im Remstal,Deutschland,21P266029250,UJRM10779764,2021-08-27,384100382,DE579265636,1,868O3HQ,"HP 17-cn0622ng Jet Black Notebook 17.3"" 8GB RAM 256GB SSD W10",HP 17-cn0622ng,467681021,2021-09-02,OEJ8MK4K24,WEP26936V1,42.00840336134454,42.00840336134454,1.65,43.65840336134454,8.295096638655462,51.953500000000005,2366831
Karl,Labidi,Hohenbirker Weg,9,71394,Kernen im Remstal,Deutschland,48V623237247,LIDA95957596,2021-05-16,542669821,DE583252358,1,949L4LH,"MSI Katana GF76 0017L2-260 17.3"" Full HD Gaming Notebook RTX 3050 Ti Intel SSD",MSI Katana GF76 0017L2-260,456761043,2021-05-16,XON0CV4F62,VZW66216E4,5.369747899159663,5.369747899159663,1.99,7.359747899159664,1.3983521008403361,8.758099999999999,8801330
Fabio,Calabria,Thelenstraße,9,72660,Beuren bei Nürtingen,Deutschland,30R971240026,LIRN13948527,2021-06-19,784073020,DE316625578,1,483H0CN,Neues AngebotNOTEBOOK 17 ZOLL LENOVO V17-G2 - INTEL DUAL CORE - SSD + HDD - WINDOWS 11 PRO,NOTEBOOK 17 ZOLL LENOVO V17-G2 - INTEL DUAL CORE - SSD + HDD ,961319081,2021-06-26,VTP5BD6A75,PFJ50081X9,3.3529411764705888,3.3529411764705888,0.0,3.3529411764705888,0.6370588235294119,3.9900000000000007,4975299
Badi,Backert,Gemeinschaftsstraße,8,72411,Bodelshausen,Deutschland,97Z437629361,IVWA81815616,2021-09-27,515468944,DE339024060,2,636A7OU,"Lenovo V15 Notebook 15.6"" Intel N4020 @2.8GHz 8GB DDR4 256GB-2TB SSD FHD Win10",Lenovo V15 Notebook,630552744,2021-10-03,VVL5NY3W91,GUU21647R6,5.369747899159663,10.739495798319327,0.0,10.739495798319327,2.040504201680672,12.78,5905215
Catherina,Kaczor,Abram-Joffe-Straße,9,69245,Bammental,Deutschland,55U509193076,KOJL37743840,2021-06-29,829992539,DE465062303,2,252C7DM,NOTEBOOK 17 ZOLL FULL HD HP 17-CN - CORE i5 - BIS 32GB RAM 2TB SSD - WINDOWS 11,NOTEBOOK 17 ZOLL FULL,866873587,2021-07-01,KBE3AE4L76,XXM94590C4,3.3529411764705888,6.7058823529411775,0.0,6.7058823529411775,1.2741176470588238,7.980000000000001,612078
Coco,Kadar,Richard-Willstätter-Straße,6,69256,Mauer (Baden),Deutschland,37R314833073,TNUW56241398,2021-11-30,645989930,DE371738359,1,755I5FQ,Neues AngebotASUS R754JA-AU305T Notebook. 17.3 Zoll. i7. 8GB RAM. 512GB SSD. IntelÂ® UHD,ASUS R754JA,811409030,2021-11-30,SRH4CO3F35,DHN24833U2,27.722689075630257,27.722689075630257,0.0,27.722689075630257,5.267310924369749,32.99000000000001,9863118
Arzu,Abendroth,Rosenweg,14,71134,Aidlingen,Deutschland,9V391296097,AGLT31886682,2021-04-18,984033580,DE692847097,1,870O2BX,"Samsung Galaxy Book Mystic Silver - 15.6"" (39.62cm) FHD. Intel Core i5-1135G7.",Samsung Galaxy Book,762307925,2021-04-24,HTT9MK7G73,FRX55215B8,16.798319327731093,16.798319327731093,0.0,16.798319327731093,3.191680672268908,19.990000000000002,4216588
Odett,Haagen,Radickestraße,2,72663,Großbettlingen,Deutschland,31T432633969,NOSX32716639,2021-10-17,777605392,DE512015244,1,827A9QL,"Notebook ASUS S732EA-BX097 17.3"". Intel i3-1115G4. 8GB . 256GB M.2. Win10 Home",Notebook ASUS S,191223595,2021-10-18,KBG5CF7J5,UJK98692J4,42.00840336134454,42.00840336134454,0.0,42.00840336134454,7.981596638655463,49.99,9712450
Benedikt,Baciu,Bernstadter Weg,8,72369,Zimmern unter der Burg,Deutschland,77Q550972754,OJZG73092569,2021-05-20,993738903,DE301088565,2,409R3ZH,Notebook Lenovo ThinkPad X61 12.1Zoll Core2duo 2GHz 2Gb RAM 250Gb HDD Docking,Notebook Lenovo ThinkPad,611123431,2021-05-27,EEB3GY0A24,PJX79461T4,3.0168067226890756,6.033613445378151,0.0,6.033613445378151,1.1463865546218488,7.18,7012428
Felix,Labe,Eschenbachstraße,9,71296,Heimsheim,Deutschland,64B937684945,MANT91320883,2021-05-28,756640839,DE93289665,1,490K3MJ,"Notebook Lenovo 14"". Core i3-1005G1. 8GB RAM. 256GB SSD. Windows 10 Home","Notebook Lenovo 14"". Core",167694976,2021-06-03,CEW1BH9V68,MXZ70553E1,3.0168067226890756,3.0168067226890756,0.0,3.0168067226890756,0.5731932773109244,3.59,907560
Jörn,Pader,Forsthausallee,6,72336,Balingen,Deutschland,79I545482149,EHSK77162477,2021-09-05,702370467,DE381606552,5,67E8QC,Roadinger Laptop Flight Case MB-15 Notebook Koffer 15 Zoll Silber Aluminium Alu,Roadinger Laptop Flight,338010354,2021-09-07,LES2WC0F53,NKK23770B1,33.60504201680673,168.02521008403363,0.0,168.02521008403363,31.92478991596639,199.95000000000002,3559137
Aglaia,Abdul,Glienicker Weg,3,69259,Wilhelmsfeld,Deutschland,33G707177411,OQOS81401910,2021-05-18,12971908,DE11392590,1,40Y4FS,"Microsoft Surface Laptop 4 15"" 512GB mit AMD Ryzen 7 & 16GB RAM - schwarz",Microsoft Surface Laptop 4,283683656,2021-05-24,SMB7SL1X51,YXL9069D5,126.0420168067227,126.0420168067227,0.0,126.0420168067227,23.947983193277313,149.99,7648529
Kylan,Paech,Arndtstraße,14,72365,Ratshausen,Deutschland,8J446613424,UMOG34274557,2021-08-10,557288375,DE140319314,1,557M4AF,Fujitsu LIFEBOOK A3510 FHD i3-1005G1 8GB 256GB NVMe/Win10 Pro/MS Office -o. DVD,Fujitsu LIFEBOOK A,782876123,2021-08-12,JTT1BR0L68,AER22037L0,3.0168067226890756,3.0168067226890756,1.0,4.016806722689076,0.7631932773109243,4.78,9259042
Annabelle,Abdulaziz,Helbigstraße,7,69429,Waldbrunn (Odenwald),Deutschland,46O143035552,ROCO63684477,2021-04-09,575676518,DE434616713,1,679S3GW,"HP 250 G8 45R45ES 15.6"" FHD. Intel Celeron N4020. 8GB RAM. 256GB SSD. Windows 10",HP 250 G8 45R,959793187,2021-04-17,ANQ3PZ7B15,JLI45431G7,75.6218487394958,75.6218487394958,0.0,75.6218487394958,14.368151260504202,89.99000000000001,8238696
Harun,Pachtmann,Bergaustraße,98,72669,Unterensingen,Deutschland,88S176604844,URAJ11255674,2021-07-11,961999995,DE127073094,1,724P0LJ,"Lenovo ThinkBook 15 G2 ARE 20VG / Ryz. 5 4500U / 8GB / 256GB SSD / 15"" / Win10P",Lenovo ThinkBook 15 G,705812174,2021-07-13,MFK7TX3E59,FSU24972L1,3.3529411764705888,3.3529411764705888,0.0,3.3529411764705888,0.6370588235294119,3.9900000000000007,9173937
Klara,Dänzer,Bärdorfer Zeile,9,69469,Weinheim (Bergstraße),Deutschland,27Z258661363,JGEL43406767,2021-06-29,345491930,DE454479297,1,130E9NB,"HP 17-cp0155ng 17.3"" FHD IPS. Ryzen 5 5500U. 16GB RAM. 512GB SSD. Windows 11",HP 17-cp0155ng,549210311,2021-06-29,PTL8LX4W44,PHE70864M5,51.25210084033614,51.25210084033614,0.0,51.25210084033614,9.737899159663867,60.99000000000001,1531314
Fabiola,Calandra,Carl-Scheele-Straße,15,72667,Schlaitdorf,Deutschland,72Z275480557,JWIH91322046,2021-09-05,896614934,DE434640874,1,577L9UD,"Neues AngebotLenovo ThinkPad E490 14"" / 512GB+1024GB SSD / Intel i5-8265U / 16GB / Garantie! ",Lenovo ThinkPad E490,146939396,2021-09-09,SUT6TA5I1,PYL40301T5,27.722689075630257,27.722689075630257,0.0,27.722689075630257,5.267310924369749,32.99000000000001,9457609
Giulio,Eberth,Silberberger Straße,7,71726,Benningen am Neckar,Deutschland,7C473781821,AYBD59350806,2021-09-01,435540907,DE952430839,2,675Z4CE,"Neues AngebotHP ZBook Fury 17 G7 Core i7-10850H 2.7GHz 17.3"" FHD 64GB RAM NVIDIA RTX 5000",Neues AngebotHP ZBook,811891604,2021-09-03,KAO7MI1J31,OCI32637K0,126.0420168067227,252.0840336134454,0.0,252.0840336134454,47.895966386554626,299.98,2689455
Kadmos,Gabrysch,Hackenbergstraße,64,72415,Grosselfingen,Deutschland,4S670210189,GHKR96036226,2021-09-26,999123069,DE661885492,3,233Q4UE,Notebook Acer Spin 3 SP314-21-R408 14 Zoll NEU & OVP,Notebook Acer Spin,42495340,2021-09-26,TNT0ZX8I25,UND57006Q5,16.798319327731093,50.39495798319328,1.54,51.93495798319328,9.867642016806723,61.8026,8738156
Ira,Dacic,Dammweg,64,69151,Neckargemünd,Deutschland,6F677270354,LMPP99384849,2021-01-29,154363466,DE40854433,1,869F9KO,"ACER Swift 3 SF314-59-57AZ 14"" Full-HD i5-1135G7 SoC 16GB 512GB SSD Win 10 Home",ACER Swift 3 SF,904689940,2021-02-03,USU6ME8E58,VNW95352W6,3.3529411764705888,3.3529411764705888,1.99,5.342941176470589,1.015158823529412,6.358100000000001,3014707
Gabriel,Paape,Wünschelburger Gang,15,72531,Hohenstein (Württemberg),Deutschland,80L661006075,DUUV36562279,2021-09-06,363455469,DE299167822,1,906D7SW,ASUS S513 AMD Ryzen5 4500 6Kern 4.0GHz 16GB RAM Radeon 512GB SSD + 1TB HDD WIN10,AMD Ryzen5 4500 6Kern,436409784,2021-09-10,IEZ4LV6S4,WXO99613W8,3.3529411764705888,3.3529411764705888,0.0,3.3529411764705888,0.6370588235294119,3.9900000000000007,7600769
Johannes,Bachleitner,Genossenschaftsstraße,9,72224,Ebhausen,Deutschland,97U550036177,NCGC26499781,2020-12-14,232701008,DE645725955,1,426Q3ZB,ASUS F515 Intel DualCore 2.8GHz 4GB RAM Intel UHD 256GB SSD Windows 10 Pro,ASUS F515 Intel DualCore,732675045,2020-12-14,UTU4DP5C75,BZV18876T3,126.0420168067227,126.0420168067227,1.99,128.0320168067227,24.326083193277316,152.35810000000004,4919511
Janis,Daemen,Genossenschaftsstraße,9,69259,Wilhelmsfeld,Deutschland,14W156586435,UICT69610242,2021-11-11,242556522,DE450107283,2,597B7QX,Lenovo Intel Dual Core 2.8 GHz 4GB RAM 512GB SSD Intel HD Grafik Windows 10 Pro,Lenovo Intel Dual Core,438947261,2021-11-16,BDR2PU8Y85,WEG90254P7,2.512605042016807,5.025210084033614,0.0,5.025210084033614,0.9547899159663867,5.980000000000001,5822357
Wandy,Ibach,Bohrauer Pfad,15,71139,Ehningen,Deutschland,51B355508586,FNNX36218579,2021-09-20,414812751,DE910117010,1,92H9OZ,"Lenovo Thinkpad Yoga 370 13.3"" TOUCHSCREEN i5-7300U 2.6GHz 8GB 256GB SSD Pen",Lenovo Thinkpad Yoga,529881391,2021-09-21,DKL7FK7F20,WDD807Q8,2.512605042016807,2.512605042016807,3.99,6.502605042016807,1.2354949579831933,7.7381,1804048
Jari,Gable,Hohenbirker Weg,4,72361,Hausen am Tann,Deutschland,64D241435529,HWDT60613062,2021-09-14,883008438,DE191079064,1,198P7RE,Notebook Lenovo IdeaPad 3i 15IIL05 NEU,Notebook Lenovo IdeaPad,55283993,2021-09-15,KFF9DM0E96,DQA10288C5,142.84873949579833,142.84873949579833,0.0,142.84873949579833,27.141260504201682,169.99,8728091
Tim,Bachem,Königsheideweg,1,72178,Waldachtal,Deutschland,20D431297434,MZHL78384254,2021-03-29,105573549,DE295178528,1,956S8SJ,Lenovo Intel Dual Core 2.8 GHz 4GB RAM 1TB HDD Intel HD Grafik Windows 11 Pro,Lenovo Intel Dual Core,839445316,2021-03-29,SWX4BA7G59,PNJ19711R5,1.6722689075630253,1.6722689075630253,6.43,8.102268907563024,1.5394310924369747,9.641699999999998,5808732
Doerte,Babacan,Erich-Thilo-Straße,65,71560,Sulzbach an der Murr,Deutschland,31I788304228,IZWP4011827,2021-08-28,377919964,DE657247680,1,678P9AW,Notebook Lenovo IdeaPad 3 14ADA05. AMD 3020e. 8GB RAM. 128GB SSD. Windows 10 S,Notebook Lenovo IdeaPad 3,119965190,2021-09-05,QOX8OK7S42,LFF35F6,67.21848739495798,67.21848739495798,0.0,67.21848739495798,12.771512605042016,79.99,6562975
Doerte,Kaderabek,Carl-Scheele-Straße,14,69493,Hirschberg an der Bergstraße,Deutschland,44J516002380,PANN1388083,2021-07-05,922907959,DE624228942,1,274R0JA,Neues AngebotNOTEBOOK FUJITSU LIFEBOOK E556 INTEL CORE i5-6300U 2x 2.4GHz 8GB RAM 256GB SSD,NOTEBOOK FUJITSU LIFEBOOK E556 INTEL CORE i5,665343156,2021-07-12,VYS2UP0J60,PWM43745O0,1.6722689075630253,1.6722689075630253,1.0,2.6722689075630255,0.5077310924369749,3.1800000000000006,2686207
Leo,Quaas,Friedenstraße,24,72477,Schwenningen (Heuberg),Deutschland,8T440162982,IQFK10328616,2020-12-18,654474595,DE897095134,5,83V1PY,"Acer Spin 3 (SP314-21-R94X) 2-in-1 Convertible 14"" Full-HD Touch. AMD Athlon",Acer Spin 3 (SP,639412590,2020-12-24,NQH3GY0H63,IYD73567Z8,16.798319327731093,83.99159663865547,1.99,85.98159663865546,16.336503361344537,102.3181,8834754
Carla,Jaehner,Husstraße,36,72585,Riederich,Deutschland,20E605534049,PCVT99212579,2021-03-06,371294882,DE732629619,1,345V8MH,HP Laptop Dual-Core silber ~ bis 1TB SSD bis 16GB RAM WLAN HDMI Webcam Windows10,HP Laptop Dual-Core silber,271372658,2021-03-15,WJO7LL4R94,TTS35603J8,1.6722689075630253,1.6722689075630253,0.0,1.6722689075630253,0.3177310924369748,1.99,8852118
Grit,Machill,Am Adlergestell,2,72513,Hettingen,Deutschland,10R732080847,DIVF61257077,2021-06-04,550320654,DE512591459,1,785H2DR,NOTEBOOK 17 ZOLL DELL INSPIRON 7706 - CORE i7 - BIS 64GB RAM 4TB SSD - W10 PRO,NOTEBOOK 17 ZOLL DELL,254539467,2021-06-07,HNB4OQ6E47,VJX4398W2,3.3529411764705888,3.3529411764705888,0.0,3.3529411764705888,0.6370588235294119,3.9900000000000007,732345
Blanka,Aberle,KGA Am Teltowkanal III,58,71154,Nufringen,Deutschland,11G183079590,EFAX90374221,2021-03-16,890277633,DE260957795,1,988I2SU,LAPTOP 17 ZOLL LENOVO V17 - CORE i5 - BIS 32GB RAM 2TB SSD - WINDOWS 11 PRO,LAPTOP 17 ZOLL LENOVO,788227190,2021-03-22,DTM3TU5A55,YIJ83625M1,5.369747899159663,5.369747899159663,0.0,5.369747899159663,1.020252100840336,6.39,1792415
Mark,Ibold,Genossenschaftsstraße,1,71297,Mönsheim,Deutschland,71P473083408,MSSQ10584447,2021-06-16,173697695,DE936215385,1,88R0VR,IdeaPad 3 15ADA05 Windows 10 Home Platin,IdeaPad 3 15ADA05 Windows,556245733,2021-06-25,JLG2QV7I48,RFU99272G1,42.00840336134454,42.00840336134454,0.0,42.00840336134454,7.981596638655463,49.99,2280400
Ida,Machon,Heidemühler Weg,36,72574,Bad Urach,Deutschland,65T199878880,GAMB91640644,2021-05-09,186461304,DE84375495,1,33Y1GE,Neues AngebotMEDION Akoya Laptop Notebook Education Schule Lernen Intel HD Grafik 4GB Ram ,MEDION Akoya Laptop Notebook,632978567,2021-05-12,GDJ7KB4S7,SOT31499E4,3.0168067226890756,3.0168067226890756,0.0,3.0168067226890756,0.5731932773109244,3.59,5804347
Vinzent,Jackowski,Felsenfest,5,72401,Haigerloch,Deutschland,64D561425623,UGRU10595240,2021-01-03,750524903,DE865500738,1,529E7AO,"ASUS ZenBook Pro Duo 15 OLED (UX582LR-H2046T) 15.6"" Touch Ultra HD Notebook SSD",ASUS ZenBook Pro Duo,783520258,2021-01-10,XZI3HX6B67,GVN65389U7,1.6722689075630253,1.6722689075630253,0.0,1.6722689075630253,0.3177310924369748,1.99,3613898
Eliah,Mace,Wünschelburger Gang,8,72359,Dotternhausen,Deutschland,23P394398927,JFBK9032543,2021-11-11,278028982,DE479937611,1,435M2CB,ASUS F515 Intel DualCore 2.8GHz 8GB RAM Intel UHD 256GB SSD + 1TB HDD Windows 10,Intel DualCore 2.8GHz 8GB RAM Intel UHD 256GB SSD,510425359,2021-11-18,NMH3ME4U80,FTU72894U5,27.722689075630257,27.722689075630257,2.0,29.722689075630257,5.647310924369749,35.370000000000005,5434441
Lisa,Oberhuber,Hollstraße,8,72369,Zimmern unter der Burg,Deutschland,0G980613541,PEJV62829313,2021-12-03,556007792,DE278262799,1,426M6LO,Notebook Lenovo V17 Intel Dual 3.5GHz 16GB RAM 17.3 1TB IntelHD Windows 10,Notebook Lenovo V17 Intel,911349090,2021-12-12,PAE0GU3U34,FOB76282D8,27.722689075630257,27.722689075630257,4.99,32.71268907563026,6.215410924369749,38.92810000000001,7410895
Giulio,Pabst,Richard-Willstätter-Straße,6,72584,Hülben,Deutschland,22E222305135,PVHO68111282,2021-09-25,556241165,DE164664711,1,478O0EW,Neues AngebotDie Siedler 2 Gold Win 95 Laptop Toshiba Satellite Pro 4340 4300 Retro Gaming   ,Neues AngebotDie Siedler 2,515482755,2021-09-30,JFK1AS7V39,PAJ79008E0,14.277310924369747,14.277310924369747,0.0,14.277310924369747,2.712689075630252,16.99,2805208
Amelie,Abanoz,Florian-Geyer-Straße,5,68723,Schwetzingen,Deutschland,62D455442750,SUQZ53149640,2021-06-25,975687543,DE219918061,2,804M3MZ,"Lenovo IdeaPad 5 Pro 82L7004JGE - 14"" 2.8K IPS 90Hz. Ryzen 7 5800U. 16GB RAM.",Lenovo IdeaPad 5 Pro,32933213,2021-06-28,KQC5JG5C64,GOB72887S9,2.512605042016807,5.025210084033614,0.0,5.025210084033614,0.9547899159663867,5.980000000000001,7217046
Vanessa,Iannone,Abtstraße,62,71126,Gäufelden,Deutschland,89L948452225,EEWY82571978,2021-02-23,470523969,DE556130418,1,246J7LG,HP EliteBook 8470p. Intel Core i7-3540M 3.0GHz. 1x 8GB DDR3. FireWire UMTS +NT,Book 8470p. Intel Core i7,75666455,2021-02-27,AKP6SI4J71,CPU21697G0,3.3529411764705888,3.3529411764705888,3.0,6.352941176470589,1.207058823529412,7.5600000000000005,4726234
Isabell,Dachsel,Kiehnwerderallee,6,68789,Sankt Leon-Rot,Deutschland,22Y144441706,MOLQ82511354,2021-11-26,248326399,DE669880706,1,120L5LI,Microsoft Surface Pro 3  Intel Core i7 4650 8GB RAM 256GB SSD Tastatur Win10Pro,Microsoft Surface Pro 3,803113297,2021-11-30,DRT2CG7S22,SMX77843B1,75.6218487394958,75.6218487394958,0.0,75.6218487394958,14.368151260504202,89.99000000000001,9106227
David,Laaß,Kiehnwerderallee,84,71229,Leonberg (Württemberg),Deutschland,35W549226828,FHQT55459922,2021-10-07,148254054,DE954776814,1,730D9OR,"HUAWEI MateBook D 16 Space Gray 40.89cm (16.1"") IPS. AMD Ryzen 5. 16GB RAM.",HUAWEI MateBook D 16 Space,562293901,2021-10-07,AMZ4FH4J50,NTO38461K0,8.394957983193278,8.394957983193278,1.69,10.084957983193277,1.9161420168067227,12.0011,9386571
Edwin,Cakal,Albert-Einstein-Straße,9,72585,Riederich,Deutschland,8N728112291,ZJEF828741,2021-11-21,592988971,DE220661849,2,867R1CR,Neues AngebotLenovo V15 ADA Iron Grey Notebook Laptop 15 Zoll,Neues AngebotLenovo V,544140243,2021-11-27,PKM3QA6W0,WAE24998V2,33.60504201680673,67.21008403361346,0.0,67.21008403361346,12.769915966386556,79.98000000000002,2692408
Theo,Jablonska,Seidenbaustraße,61,72224,Ebhausen,Deutschland,96T178244476,PIWE41159709,2021-04-22,921664394,DE397537418,1,598S9NO,"HP Pavilion 15-ec1234ng 15.6"" FHD 144Hz Ryzen 5 4600H GTX 1650 16GB RAM 512GB",HP Pavilion 15-ec,562177154,2021-04-25,SXA9QG8W33,HRU16232J5,42.00840336134454,42.00840336134454,0.0,42.00840336134454,7.981596638655463,49.99,1178579
Mara,Obermaier,Hollstraße,95,72474,Winterlingen,Deutschland,10G231492650,NXRV70104105,2021-05-11,510233865,DE743227647,1,356Y2QR,NOTEBOOK 17 ZOLL LENOVO V17 - CORE i5 - BIS 32GB RAM 2TB SSD - WINDOWS 10 PRO,NOTEBOOK 17 ZOLL LENOVO,858675914,2021-05-15,CSE1YU6V75,LUA98105P0,1.6722689075630253,1.6722689075630253,7.56,9.232268907563025,1.7541310924369748,10.9864,9831835
Delia,Baasner,Weerthstraße,2,71540,Murrhardt,Deutschland,29E80759405,MSAG36254535,2021-11-06,275279123,DE461230645,1,12R6YB,"Dell Latitude 7200 2-in-1 LTE i5-8365U Quad-Core 8GB 256GB NVMe 12.3"" DE SET",Dell Latitude 7200 2-in,339746411,2021-11-15,MKW8YL1N1,CRK33401Z6,126.0420168067227,126.0420168067227,0.0,126.0420168067227,23.947983193277313,149.99,1984147
Fabienne,Laakmann,KGA Einigkeit II,12,71134,Aidlingen,Deutschland,69A216349845,QXKM69115356,2021-06-24,585914123,DE42548198,1,125R3HJ,Lenovo ThinkPad X395 X280 Notebook Ryzen 7 3700U 16GB SSD Windows Fingerprint,Lenovo ThinkPad X,885141731,2021-07-01,IVR2GA8S69,WAC18852L0,42.00840336134454,42.00840336134454,2.55,44.55840336134454,8.466096638655463,53.0245,2586024
Miro,Ibraim,Lohnauer Steig,6,71397,Leutenbach (Württemberg),Deutschland,7Z617422854,WLFP39764649,2021-04-17,410063985,DE51524744,1,843M7AQ,"ACER Aspire 5 15.6"" Full-HD Ryzen 3 5300U 8GB 256GB SSD Win 10 Home Silber HDMI","ACER Aspire 5 15.6"" Full",185376059,2021-04-22,GIK1ZO0D22,WUZ49876Y4,126.0420168067227,126.0420168067227,0.0,126.0420168067227,23.947983193277313,149.99,3082597
Ella,Aatz,Adlergestell,23,68542,Heddesheim,Deutschland,93S448900573,ZVRL74541309,2021-01-26,161668026,DE167714373,1,276Y3KN,"Apple MacBook Pro 13"" MYD92D/A Spacegrau - 13"" Retina IPS Display. Apple M1","Apple MacBook Pro 13""",963472445,2021-01-29,ZII6VW3U93,CWQ36118E3,1.6722689075630253,1.6722689075630253,0.0,1.6722689075630253,0.3177310924369748,1.99,1237317
Emil,Macar,Thomas-Müntzer-Straße,3,72355,Schömberg (Zollernalbkreis),Deutschland,78R50509343,MCGI9218894,2021-01-21,354644380,DE556998843,1,511U5MZ,"Ultrabook Lenovo ThinkPad T470s Core i7-6600U 8GB 256GB SSD 14"" 1920x1080 IPS",Ultrabook Lenovo ThinkPad,865402554,2021-01-26,ZOR5DW9Q28,KBT2373V3,5.369747899159663,5.369747899159663,2.99,8.359747899159665,1.5883521008403363,9.9481,4895368
Xanthe,Iber,Hauptweg,1,71229,Leonberg (Württemberg),Deutschland,87C436185673,XIWH46291549,2021-12-01,298697465,DE189115183,1,19T3KX,"Medion Erazer Defender E10 (30033652) 17.3"" Full HD Gaming Notebook GTX 1650",Medion Erazer Defender,989502346,2021-12-01,JVU0GP0Z20,MJT36107N3,51.25210084033614,51.25210084033614,3.0,54.25210084033614,10.307899159663867,64.56,9646580
Fatih,Obermüller,Selchowstraße,48,72513,Hettingen,Deutschland,1J562663773,ACDD67631856,2020-12-17,735339949,DE219669633,1,845D7KF,"HP 250 G8 34N34ES 15.6"" Full HD. Intel i5-1035G1. 8GB RAM. 512GB SSD. FreeDOS",HP 250 G8 34N,123489024,2020-12-25,FTO3MN6Y32,EEF22504C5,302.51260504201684,302.51260504201684,0.0,302.51260504201684,57.4773949579832,359.99000000000007,1762780
René,Iffland,Schneckenburgerstraße,2,72135,Dettenhausen,Deutschland,34H544556642,LAOW79821395,2021-09-05,968128400,DE252414228,1,603W8HU,"Lenovo Yoga Slim 7 82A200ALGE - 14"" FHD IPS. AMD Ryzen 5 4500U. 16GB RAM. 512GB",Lenovo Yoga Slim 7,152839630,2021-09-14,JVN5KP1O60,VAR28688P4,5.033613445378152,5.033613445378152,1.22,6.253613445378152,1.1881865546218489,7.441800000000001,4204126
Morris,Ibrahimi,Hoffmannstraße,9,71384,Weinstadt,Deutschland,7E318915063,SZUE76029859,2020-12-11,500328880,DE297261877,1,367G4SX,Apple MacBook Air (M1. 2020) MGND3D/A Gold Apple M1 Chip mit 7-Core CPU. 8GB,Apple MacBook Air (M1.,867519910,2020-12-12,HJB9OS3G93,UMW19321H9,84.02521008403362,84.02521008403362,0.0,84.02521008403362,15.964789915966387,99.99000000000001,1418024
Paris,Haan,Wassermannstraße,25,72810,Gomaringen,Deutschland,23R493783460,BYPY29029326,2021-01-05,872202208,DE612731673,1,769Y3LK,"Lenovo Thinkpad W530 8GB 15.6"" K1000M   #77",Lenovo Thinkpad W,796588582,2021-01-07,TSC4LJ0O11,QOF42014U3,8.394957983193278,8.394957983193278,1.99,10.384957983193278,1.9731420168067229,12.3581,2441892
Catrin,Oberdörfer,Bärdorfer Zeile,51,72218,Wildberg (Schwarzwald),Deutschland,87P671170956,CZCZ72741702,2020-12-27,492943110,DE638546424,3,207P3AV,Lenovo AMD 3020 Dual Core 2.6 GHz 4GB RAM 256GB SSD Radeon HD Windows 10 Home,Dual Core 2.6 GHz 4GB RAM 256GB,357143709,2020-12-27,UAQ5RJ5D49,AGF82705U2,16.798319327731093,50.39495798319328,1.7,52.09495798319328,9.898042016806723,61.99300000000001,3312825
Fiona,Machau,Silberberger Straße,5,72415,Grosselfingen,Deutschland,36C95265390,VZVJ85223756,2021-12-08,240350989,DE773058273,1,606E9VX,"MSI GE70 Gaming | 17.3"" FHD | i5 bis 4x3.2 GB | SSD+HDD | 8 GB RAM | Win 10Pro",MSI Katana GF76 0017L2-260,532694969,2021-12-16,OXE8PL8H85,BXT30751P0,142.84873949579833,142.84873949579833,0.0,142.84873949579833,27.141260504201682,169.99,4283433
Edwin,MacDonald,Wassermannstraße,9,72358,Dormettingen,Deutschland,76O675402927,IRXZ84839085,2021-11-12,21606227,DE571739021,1,818E5IG,ASUS F515 Intel DualCore 2.8GHz 8GB RAM Intel UHD 256GB SSD Windows 10 Pro,ASUS F515 Intel DualCore,783434180,2021-11-18,AQL2RC4A15,OJB88931M7,1.6722689075630253,1.6722689075630253,1.0,2.6722689075630255,0.5077310924369749,3.1800000000000006,5747315
Ben,Laarmann,Gondeker Straße,1,71154,Nufringen,Deutschland,63B63226929,RRAD16649062,2021-08-08,541877933,DE298649764,2,141J0KZ,Lenovo V15-IGL Intel Dual Core 2.8 GHz 4GB RAM 1TB HDD 15.6 Zoll Intel HD Grafik,Lenovo V15-IGL Intel Dual,858601194,2021-08-10,RPL3TR0K38,CIZ47755A5,168.05882352941177,336.11764705882354,0.0,336.11764705882354,63.862352941176475,399.98,8586121
Jardis,Oakley,Eichbuschallee,62,72631,Aichtal,Deutschland,34H788210786,SDFD84406931,2021-05-18,639269495,DE76171064,1,45H6NK,"HP 250 G8 34N37ES 15.6"" Full HD. Intel i5-1035G1. 16GB RAM. 512GB SSD. Windows",HP 250 G8 34N,715126328,2021-05-21,NAT6KH0K65,YNJ11210O6,27.722689075630257,27.722689075630257,1.22,28.942689075630256,5.499110924369749,34.4418,1319100
Paul,Iden,Handjerystraße,7,71711,Steinheim an der Murr,Deutschland,18L226631079,AVCU8489160,2021-07-23,27425623,DE801055941,1,19U7LT,Apple MacBook Pro Retina 15.4â€œ TOUCHBAR i7 2.8 Ghz 512 GB SSD 16 GB Ram SILBER,Apple MacBook Pro Retina,755756386,2021-08-01,ZMK3HY7E70,NED53800J9,13.436974789915967,13.436974789915967,0.0,13.436974789915967,2.5530252100840336,15.99,5149169
Beat,Lachnit,Altheider Straße,2,71735,Eberdingen,Deutschland,80R356758007,LCAB95753167,2020-12-23,239737992,DE569438043,1,134S9QN,"Neues AngebotASUS TUF Gaming F15 FX506HCB-HN182W - 15.6"" FHD IPS 144Hz. Intel i5-11. 16 GB",Neues AngebotASUS TUF,980546026,2020-12-27,FKO9PQ7X83,TBO84737O0,3.3529411764705888,3.3529411764705888,0.0,3.3529411764705888,0.6370588235294119,3.9900000000000007,2742317
Tima,Haberberger,KGA Holunderbusch,6,69429,Waldbrunn (Odenwald),Deutschland,25L977530709,ICRQ88439815,2021-03-06,855201873,DE27516322,1,631C2FH,"Lenovo IdeaPad 3 17"" AMD 3050U 4GB/256GB Win10Home grau Notebook HDMI USB Webcam","Lenovo IdeaPad 3 17"" AMD",446295477,2021-03-09,QWH2IZ5T71,PFU33240P7,16.798319327731093,16.798319327731093,2.1,18.898319327731095,3.590680672268908,22.489000000000004,6754141
Jen,Oberascher,Gellertstraße,4,72800,Eningen unter Achalm,Deutschland,72U632152054,NEWH39729036,2021-05-08,356281059,DE319509474,1,863H4XJ,"HP 17-cn0135ng Natural Silver Notebook 17.3"" i3 8GB RAM 256GB SSD FHD W10",HP 17,963776582,2021-05-14,HAK4SH9A4,OHE51244O4,84.02521008403362,84.02521008403362,0.0,84.02521008403362,15.964789915966387,99.99000000000001,6178782
Henrik,Pachale,Thelenstraße,8,72631,Aichtal,Deutschland,64C197967173,HNLT25650363,2021-11-04,536244803,DE678390027,1,465J8OF,LENOVO IdeaPad 3 Chromebook 14IGL05 14 Zoll 64GB eMMC Celeron N 4GB RAM B-WARE,LENOVO IdeaPad 3 Chromebook,494159407,2021-11-09,LKP8IT3M7,XEB27178G3,13.436974789915967,13.436974789915967,2.1,15.536974789915966,2.9520252100840336,18.489,2136327
Jasmin,Obendorf,Abtstraße,1,72661,Grafenberg,Deutschland,3O525898874,NQGQ40231236,2021-01-12,960132851,DE961004166,1,172Q9WH,Acer Nitro AN517 Intel Core i7-11800 17.3 16GB RAM 512GB SSD RTX 3060 Windows 10,Acer Nitro AN,897531228,2021-01-12,IVT3BU5G23,QYB51440G3,1.6722689075630253,1.6722689075630253,0.0,1.6722689075630253,0.3177310924369748,1.99,3687457
Amelie,Jaede,Arndtstraße,3,72532,Gomadingen,Deutschland,47C104600050,OROP8759749,2021-11-27,975822533,DE662925042,1,598R9QY,Neues AngebotNOTEBOOK LENOVO THINKPAD T570 CORE i5-7300U 2x 2.6GHz 8GB RAM 256GB SSD WLAN,Neues AngebotNOTEBOOK LENOVO THINKPAD,466024319,2021-12-06,VTL5WD0X30,DTQ21578V9,42.00840336134454,42.00840336134454,0.0,42.00840336134454,7.981596638655463,49.99,406962
Eliah,Cakan,Justus-von-Liebig-Straße,2,72587,Römerstein,Deutschland,80M41969534,DVJD43328250,2021-04-10,551315340,DE662694980,1,487X9YC,"HP 15s-fq2155ng Natural Silver Notebook 15.6"" i5 16GB RAM 512GB SSD FHD W10",HP 15s-fq2155ng Natural Silver,185140542,2021-04-13,VVA7SH0C79,QRD12622M4,25.201680672268907,25.201680672268907,3.0,28.201680672268907,5.358319327731093,33.56,7575552
Emil,Cajic,Wünschelburger Gang,6,72582,Grabenstetten,Deutschland,47Z617891971,ETOE28107121,2021-08-21,829054575,DE983085920,1,20M0ZT,Lenovo Intel Dual Core 2.8 GHz 4GB RAM 256GB SSD Intel HD Grafik Windows 10 Pro,Lenovo Intel Dual Core,405457997,2021-08-21,PWN1EI3A54,IPO52062Z7,168.05882352941177,168.05882352941177,0.0,168.05882352941177,31.931176470588237,199.99,1905474
Gabrielle,Dabels,Aprikosensteig,23,72820,Sonnenbühl,Deutschland,83H988180589,BYSF74066321,2021-06-29,832380184,DE711049018,2,687D3KC,"Lenovo ThinkPad T14s G1 | 14""| AMD Ryzen 7 PRO 4750U | 16GB RAM | 512GB SSD",Lenovo ThinkPad T14s G1,547674513,2021-07-04,CJH1BL0V72,ZEQ56131F9,25.201680672268907,50.403361344537814,0.0,50.403361344537814,9.576638655462185,59.98,6322902
Igor,Pacino,Frauenlobstraße,25,72818,Trochtelfingen,Deutschland,74Y355132859,EWZE52295514,2020-12-27,237914453,DE505912074,1,984Y2FD,Notebook HP AMD Ryzen5 5500 6-Kern 4GHz 16GB 512GB SSD AMD Radeon Windows 10 Pro,Notebook HP AMD Ryzen5,578206271,2021-01-05,AFM2GZ4E63,OQJ89232G5,42.00840336134454,42.00840336134454,4.99,46.99840336134454,8.929696638655463,55.92810000000001,5476158
Jannik,Gabele,Eichbuschallee,1,72336,Balingen,Deutschland,43M502269348,FAGL77816352,2021-10-17,709499776,DE873341759,1,758W9EV,"Convertible Panasonic Toughbook CF-C2 MK2 12.5"" Touchdisplay Core i5 8GB RAM 256",Convertible Panasonic Toughbook,30156623,2021-10-24,GFG2XK6B53,RII17658A6,100.83193277310924,100.83193277310924,0.0,100.83193277310924,19.158067226890758,119.99000000000001,3064291
Elisabeth,Jähnichen,Neltestraße,25,72589,Westerheim (Württemberg),Deutschland,97B367950905,FODZ43009322,2021-08-25,298198615,DE406096174,2,171N8HP,Notebook HP AMD Ryzen3 Quad 3.8GHz 17.3 16GB RAM 512GB SSD AMD Radeon Windows 10,Notebook HP AMD,834240967,2021-08-31,LAX2AC1D67,LJG56042A9,27.722689075630257,55.44537815126051,0.0,55.44537815126051,10.534621848739498,65.98000000000002,6403642
Haima,Machoczek,Felsenfest,95,72535,Heroldstatt,Deutschland,36P178426560,PWQI9346869,2021-08-30,452352092,DE1448969,2,135S2ZC,"Notebook ASUS F515MA-BQ549 15.6"". Celeron N4020. 8GB DDR4. 256GB. Win 10 Home",Notebook ASUS F,225451760,2021-08-31,KGZ2UX7T18,BXG42812P5,27.722689075630257,55.44537815126051,1.99,57.435378151260515,10.912721848739498,68.34810000000002,9886224
Deenah,Kaddoura,Silberberger Straße,2,69427,Mudau,Deutschland,82A167614290,PTDA7406564,2021-05-20,659787232,DE674445761,1,879L9HH,"HP ENVY x360 15-es0154ng 15.6"" FHD IPS Touch. Intel i5-1135G7. 8GB RAM. 512GB",HP ENVY x,399309776,2021-05-22,BXJ0GK2U66,DPM19303S9,5.873949579831933,5.873949579831933,1.4,7.273949579831934,1.3820504201680675,8.656,1298073
Miriam,Obermayer,Walther-Nernst-Straße,25,72479,Straßberg,Deutschland,32I487811033,DZEU33818884,2021-09-26,15185078,DE299393961,2,669X1JE,"Acer Chromebook Spin 513 (CP513-1H-S72Y) 13.3"" IPS Touch. Snapdragon 7180c",Acer Chromebook Spin,419692628,2021-10-02,WXG3CX3G74,TCE99097J3,42.00840336134454,84.01680672268908,1.5,85.51680672268908,16.248193277310925,101.76500000000001,4499937
Jennifer,Oben,Heidekampweg,12,72655,Altdorf bei Nürtingen,Deutschland,23A783575348,EOSJ77183549,2021-08-19,257022294,DE513675837,1,844T7MO,Neues AngebotLenovo ThinkPad T430 Core i7-3520M 2.6GHz 8GB 128GB SSD 1600x900 nVidia Cam,Neues AngebotLenovo ThinkPad,341194696,2021-08-25,VOJ1VK8W75,CGQ43639K3,100.83193277310924,100.83193277310924,0.0,100.83193277310924,19.158067226890758,119.99000000000001,8496494
Aras,Labuhn,Genossenschaftsstraße,26,71563,Affalterbach,Deutschland,92R390425428,JRLF94590787,2021-06-27,587193208,DE246151639,1,540X5PP,"Neues AngebotDell Latitude 12 7212 WiFi Rugged Tablet i5-7300U 8GB 256GB SSD Win10 11.3"" A",Neues AngebotDell Latitude,917115801,2021-07-04,CZQ3TR2S60,XYN64364M3,25.201680672268907,25.201680672268907,2.56,27.761680672268906,5.274719327731092,33.0364,3495288
Taylor,Jachmann,Zinsgutstraße,25,72299,Wörnersberg,Deutschland,64W233942012,JSMV20626511,2021-08-02,104467812,DE787880624,2,722Q0TE,"Lenovo IdeaPad Duet 3 10IGL5 2in1 Convertible Notebook Tablet 26.16cm 10.3"" IPS",Lenovo IdeaPad Duet,97880915,2021-08-05,GXN9BO4T64,PXL36898R3,25.201680672268907,50.403361344537814,2.1,52.503361344537815,9.975638655462186,62.479,8295908
Kilian,Paduch,Abtstraße,25,72362,Nusplingen,Deutschland,95T675796317,FYXB60089116,2021-03-20,596969908,DE325925321,2,810C5VZ,"Asus Notebook D515DA AMD Ryzen5 3500U Quadcore 15.6"" FullHD 8GB RAM 256GB SSD",Asus Notebook D515DA AMD,511674572,2021-03-24,AWS7IQ8W21,WVL2682O1,2.512605042016807,5.025210084033614,0.0,5.025210084033614,0.9547899159663867,5.980000000000001,1373933
Kevin,Pähler,Genossenschaftsstraße,58,72406,Bisingen,Deutschland,18E830111153,BQBI29932191,2021-01-31,75300857,DE403405459,1,10X4OC,Notebook HP AMD Ryzen 5 5500 6-Kern 4GHz 16GB 1TB SSD AMD Radeon Windows 10 Pro,Notebook HP AMD Ryzen,408811540,2021-02-07,RKM4HD7O30,VZO66250Z5,2.512605042016807,2.512605042016807,0.0,2.512605042016807,0.47739495798319337,2.9900000000000007,4711028
Jarin,Padel,Eschenbachstraße,3,72299,Wörnersberg,Deutschland,48L567144852,KFTQ95596932,2020-12-22,326633002,DE371025601,1,393H7EJ,"HP 250 G7 Dark Ash Notebook 15.6"" i5 16GB RAM 512GB SSD FHD W10",HP 250 G7 Dark,903428384,2020-12-26,URB1GH5S2,WAG75213F4,58.81512605042017,58.81512605042017,0.0,58.81512605042017,11.174873949579831,69.99,7261497
Klaus,Paege,Friedenstraße,48,72393,Burladingen,Deutschland,45Y988532583,XJAD5896526,2021-03-08,387036190,DE352561458,1,904W1BU,"Lenovo X260 12.5"" LED HD IPS Notebook IntelÂ® i7 6500U 16GB RAM 256GB SSD Win 10","Lenovo X260 12.5"" LED",886501416,2021-03-17,UFG2PB4W68,OTP9201D4,3.941176470588236,3.941176470588236,6.43,10.371176470588235,1.9705235294117647,12.3417,3620035
Jannik,Padilla,Güldenhofer Ufer,9,72351,Geislingen (Zollernalbkreis),Deutschland,75W780066288,TPYE15127389,2021-06-16,758317315,DE455192806,1,5N7YA,"Panasonic ToughBook CF-52 i5 15.4"" 8 GB RAM 256 GB SSD Windows 7 RS232 MK3",Panasonic ToughBook CF,440523054,2021-06-22,GFP7DV0E71,WUE64897U8,8.394957983193278,8.394957983193278,1.99,10.384957983193278,1.9731420168067229,12.3581,6721784
Damian,Caglayan,Rosenweg,4,72532,Gomadingen,Deutschland,30K810868628,SXWI93018575,2021-05-26,847641593,DE489805119,1,353P5CW,Schenker XMG Neo 15 2021 Ryzen 7 5800H RTX 3070 140W TGP 512GB Notebook,Schenker XMG Neo 15,109866940,2021-06-01,GDG5IN4R44,FGM41524H6,126.0420168067227,126.0420168067227,1.65,127.6920168067227,24.261483193277314,151.95350000000002,8454825
Bentje,Kacmaz,Wünschelburger Gang,1,69221,Dossenheim,Deutschland,13W120293685,XGKD38075234,2021-01-29,630249475,DE331311961,2,377Y1UC,"HP Chromebook x360 14a-ca0140ng 14"" FHD IPS Touch. Intel N5030. 4GB RAM. 128GB",HP Chromebook x360 14a-ca0140ng,27194061,2021-02-03,WEX5JD0B46,LPH17531G1,2.512605042016807,5.025210084033614,1.54,6.565210084033614,1.2473899159663868,7.8126000000000015,1222081
Birte,Baade,Am Studio,25,71277,Rutesheim,Deutschland,80O280147610,VHKU53805119,2021-02-18,45217702,DE54383891,1,772K2FK,"HP 14s-fq1155ng 14"" FHD IPS. Ryzen 5 5500U. 8GB RAM. 512GB SSD. Windows 10","HP 14s-fq1155ng 14"" FHD",417572759,2021-02-25,BGB8BC3Y49,RGR24395A2,51.25210084033614,51.25210084033614,0.0,51.25210084033614,9.737899159663867,60.99000000000001,4441730
Falko,Eberhart,KGA Am Teltowkanal III,64,71554,Weissach im Tal,Deutschland,85S4264896,KTWA56958869,2021-01-27,813043858,DE926565754,1,710G7UQ,Notebook HP AMD Ryzen 3 Quad 3.8GHz 17.3 16GB RAM 1TB SSD AMD Radeon Windows 10,AMD Ryzen 3 Quad 3.8GHz 17.3 16GB RAM 1TB SSD AMD Radeon Windows 10,418165610,2021-02-01,FUR3UK5V34,DOK47648W0,3.3529411764705888,3.3529411764705888,0.0,3.3529411764705888,0.6370588235294119,3.9900000000000007,1472780
Ulf,Jackmuth,KGA Einigkeit II,65,72379,Hechingen,Deutschland,18L164496054,LTVB16729685,2021-11-26,41069644,DE825361955,1,513G5GU,HP Chromebook 14a-na0220ng 14 Zoll 64 GB eMMC Intel Celeron 4 GB RAM B-WARE,HP Chromebook 14a-na0220ng 14,201502760,2021-12-05,FSK9XW8J99,ORT28445V4,5.369747899159663,5.369747899159663,0.0,5.369747899159663,1.020252100840336,6.39,9019485
Luca,Quade,Husstraße,15,72511,Bingen bei Sigmaringen,Deutschland,97M964589997,HKJP9635700,2021-12-05,919822837,DE623638668,1,539H0SO,"HP 255 G8 45R25ES 15.6"" FHD IPS. AMD Ryzen 5 5500U. 16GB RAM. 512GB SSD.",HP 255 G8 45R,523860697,2021-12-12,OZL7UF8L31,HIB96119X3,142.84873949579833,142.84873949579833,0.0,142.84873949579833,27.141260504201682,169.99,5861221
Finn,Baccouche,Glanzstraße,45,72147,Nehren (Württemberg),Deutschland,30W595223414,RFLK3257487,2020-12-18,455172788,DE358001497,1,566A5AE,ASUS Gaming Ryzen 7 5800H 8-Kern 4.4GHz RTX 3060 32GB RAM 1TB SSD WINDOWS 10,ASUS Gaming Ryzen,501327325,2020-12-26,UIX2SR4V97,ZDC70428C4,51.25210084033614,51.25210084033614,2.0,53.25210084033614,10.117899159663867,63.370000000000005,5341984
Haile,Pachmann,Barbara-McClintock-Straße,5,72661,Grafenberg,Deutschland,75W390043203,VJLV35891337,2021-06-07,221116739,DE146139922,1,827H9XB,HP 17-cn0646ng Notebook 17.3 Zoll (i3-1115G4. 8 GB RAM. 512 GB SSD),HP 17-cn0646ng,692762945,2021-06-10,XMK1PX0W73,HKX13103C3,5.033613445378152,5.033613445378152,0.0,5.033613445378152,0.9563865546218489,5.990000000000001,3312630
Katharina,Jägers,Florian-Geyer-Straße,9,72537,Mehrstetten,Deutschland,16L208023055,EZQG67628857,2021-08-28,136604126,DE777208984,1,232C3JP,NOTEBOOK 15 ZOLL FULL HD ASUS D513i - RYZEN 7 8-CORE - WINDOWS 11 PRO - OFFICE,NOTEBOOK 15 ZOLL FULL,631211955,2021-09-06,VNQ0OU8Q72,PPC94402H7,3.3529411764705888,3.3529411764705888,1.69,5.042941176470588,0.9581588235294117,6.0011,6443325
Carl,Maarouf,Friedlander Straße,15,72186,Empfingen,Deutschland,10R466112659,GYWD96554152,2021-09-17,555376043,DE315016055,1,390A4QH,Notebook HP Intel i7 QuadCore 3.9GHz 16GB 1TB SSD Intel Iris HD Windows 10 Pro,Notebook HP Intel i7,352755284,2021-09-18,SKW6XQ1W6,CJD60051N3,168.05882352941177,168.05882352941177,1.65,169.70882352941177,32.24467647058824,201.95350000000002,3491054
Dorothee,Kadi,Magnusstraße,25,69502,Hemsbach (Bergstraße),Deutschland,37Y855917069,GKUS34605455,2021-01-11,123743041,DE927574588,1,362N2TG,"Notebook 14"" Lenovo ThinkPad T470s Core i5-7200U / 7300U 8GB 256GB SSD FHD IPS","Notebook 14"" Lenovo ThinkPad",591609195,2021-01-18,EFR8KO7V60,YCO14999S5,1.6722689075630253,1.6722689075630253,2.0,3.6722689075630255,0.6977310924369748,4.37,8626706
Elias,Laasch,Heidemühler Weg,25,71157,Hildrizhausen,Deutschland,47Y605970938,FDZG42667892,2021-02-18,186321035,DE329212980,1,369Y6YZ,"HP 250 G8 34N41ES 15.6"" Full HD. Intel i5-1035G1. 16GB RAM. 512GB SSD. GeForce",HP 250 G8 34N,255801299,2021-02-22,ODL5SH3F18,DHO6534Z4,33.60504201680673,33.60504201680673,2.0,35.60504201680673,6.764957983193279,42.370000000000005,3327585
Lina,Ebach,Freystadter Weg,47,71144,Steinenbronn,Deutschland,20H921676833,BKGB96967294,2021-06-15,915150016,DE201562970,1,162Y5DF,"Neues AngebotASUS Vivobook E410 14"" Intel N4500 4GB 128GB Win10Home S blau Laptop Full HD",Neues AngebotASUS Vivobook E410,407561286,2021-06-19,MDS4MS3I35,NCS21324H9,75.6218487394958,75.6218487394958,1.24,76.8618487394958,14.603751260504202,91.4656,6196372
Tom,Jablonka,Richard-Willstätter-Straße,15,72218,Wildberg (Schwarzwald),Deutschland,22K967229057,SKJV58767721,2021-07-14,665183124,DE643783195,1,737K8OK,NOTEBOOK HP ELITEBOOK 840 G1 INTEL CORE i7-4600U 2x 2.1GHz 4GB RAM 500GB HDD,NOTEBOOK HP ELITEBOOK,553494660,2021-07-23,SSW4ZH2Y59,WAI60272O0,75.6218487394958,75.6218487394958,0.0,75.6218487394958,14.368151260504202,89.99000000000001,3328626
Ute,Haberkamp,Ekkehardstraße,25,69514,Laudenbach (Bergstraße),Deutschland,56X820652113,PBZT68189138,2021-07-26,680742400,DE212630405,1,534Y3JK,MSI Katana GF76 11UE-058 Notebook 17.3 Zoll 1TB SSD Full HD Intel Core i7 B-WARE,GF76 11UE-058 Notebook 17.3 Zoll 1TB SSD Full HD Intel Core i7 B,216714768,2021-08-04,YDH0AB0J81,GAI67336J2,1.6722689075630253,1.6722689075630253,0.0,1.6722689075630253,0.3177310924369748,1.99,3032179
Jen,Dämmer,Hauptweg,1,69429,Waldbrunn (Odenwald),Deutschland,41O99686495,IRPH30379931,2021-07-05,792434227,DE450635472,2,242L9BB,Neues AngebotMICROSOFT Surface Laptop 4 13.5 Zoll Touchscreen Intel Core i7 512 GB SSD B-WARE,MICROSOFT Surface Laptop 4 13.5 Zoll Touchscreen Intel Core i7 512 GB SSD B,732374360,2021-07-13,CEV8UO8G78,CAH52971T6,27.722689075630257,55.44537815126051,0.0,55.44537815126051,10.534621848739498,65.98000000000002,3154480
Ibrahim,Pacini,Felsenfest,26,72813,Sankt Johann (Württemberg),Deutschland,31Q121926384,TXGW73436139,2021-06-28,368160262,DE530060840,1,228B8KF,WOW NOTEBOOK 15 ZOLL LENOVO V15-IIL - CORE i5 - 8GB RAM - 256GB SSD - WINDOWS 10,WOW NOTEBOOK 15 ZOLL,694246485,2021-06-29,EXE1FJ6N69,WMF27486T3,42.00840336134454,42.00840336134454,3.99,45.99840336134454,8.739696638655463,54.7381,2744766
Remigius,Iger,Vogelbeerstraße,25,72147,Nehren (Württemberg),Deutschland,85Y433941562,POVB86182115,2021-07-23,616549380,DE892082579,1,618G8EK,NOTEBOOK  17 ZOLL ASUS K712 INTEL CORE i3 SSD WINDOWS 11 PRO OFFICE 2019 PRO,ASUS K712 INTEL CORE i3 SSD WINDOWS 11 PRO OFFICE 2019 PRO,929523036,2021-07-30,YSU5GK3O57,OCX21294R8,3.3529411764705888,3.3529411764705888,0.0,3.3529411764705888,0.6370588235294119,3.9900000000000007,999436
Mathilda,Oberlerchner,Glienicker Weg,9,72417,Jungingen,Deutschland,39N957995525,SXZY31712601,2021-06-08,822446636,DE851030265,1,852I0RI,"Lenovo IdeaPad 3 82H700AJGE - 14"" FHD IPS. Intel i5-1135G7. 8GB RAM. 256GB",Lenovo IdeaPad 3 82H,935706022,2021-06-09,ACU1ZX4O87,KDA27294P8,25.201680672268907,25.201680672268907,0.0,25.201680672268907,4.7883193277310925,29.99,9916049
Jarne,Padua,Bahnhofstraße,84,72361,Hausen am Tann,Deutschland,76V108764763,OVVN27733735,2021-05-01,610302433,DE442425980,1,68W9SQ,HP omnibook XE3 als Ersatzteil/Defekt Nr. 48,HP omnibook XE,341664741,2021-05-05,VGV0XT9M86,SMN39364G3,14.277310924369747,14.277310924369747,0.0,14.277310924369747,2.712689075630252,16.99,2494798
Yvonne,Iberer,Hoffmannstraße,23,71254,Ditzingen,Deutschland,88S24470728,INII14190509,2021-10-30,984299467,DE890547457,1,548Y1KB,"HP 255 G7 214L9ES 15.6"" FHD. AMD Athlon 3050U Dual-Core. 8GB RAM. 256GB SSD.",HP 255 G7 214L,51517949,2021-11-06,MQC0HD8G74,QYT74284X9,100.83193277310924,100.83193277310924,0.0,100.83193277310924,19.158067226890758,119.99000000000001,4915251
Joel,Gaberle,Forsthausallee,6,72355,Schömberg (Zollernalbkreis),Deutschland,86Y804576406,JCJX52079971,2021-07-16,926800844,DE931883881,2,699Y6AW,xeron B750 Nr.123 als Ersatzteil/Defekt,xeron B750 Nr,833316029,2021-07-20,AQY0GO1J73,QJB73679W0,3.3529411764705888,6.7058823529411775,0.0,6.7058823529411775,1.2741176470588238,7.980000000000001,5296907
Caroline,Kaczorowski,Ernst-Lau-Straße,2,69250,Schönau (Odenwald),Deutschland,24Z522557534,LYMN76035699,2021-11-06,215874470,DE856172332,1,868U5DV,"HP G7 15.6"" Notebook AMD 8GB 256GB SSD Full HD DVD-RW Win10 Pro Offcie W-Lan","HP G7 15.6"" Notebook AMD",18020719,2021-11-10,PWJ2HP1D70,YUY70415F1,3.941176470588236,3.941176470588236,0.0,3.941176470588236,0.7488235294117649,4.690000000000001,8191338
Levi,Quadri,Neltestraße,61,72514,Inzigkofen,Deutschland,5E681573119,VZFO18173933,2021-02-26,301589153,DE977928341,2,633Z6BR,Neues AngebotHP 17-CN0365NG Notebook. 17.3 Zoll. i7. 8GB RAM. 512GB SSD. Intel Iris Xe Grafik,Neues AngebotHP 17-CN0365NG Notebook.,532300614,2021-02-26,PEV2BQ6J41,TAJ83149N2,42.00840336134454,84.01680672268908,2.99,87.00680672268908,16.531293277310926,103.5381,7183009
Gabi,Dabernig,Chris-Gueffroy-Allee,84,68535,Edingen-Neckarhausen,Deutschland,66L296918208,JSGK62572015,2021-06-25,603240832,DE148290842,1,666P8QK,Apple MacBook Air (M1. 2020) MGN93D/A Silber Apple M1 Chip mit 8-Core CPU. 8GB,Book Air MGN93D/A Silber Apple M1 Chip mit 8,160614610,2021-07-04,JKG7FZ1U66,DQP88521U5,1.6722689075630253,1.6722689075630253,1.0,2.6722689075630255,0.5077310924369749,3.1800000000000006,7897434
Adrian,Labusch,Hauptweg,48,71573,Allmersbach im Tal,Deutschland,13B200150609,XUWQ29578681,2021-03-31,548504338,DE469880816,1,508C4OK,Neues AngebotAcer Aspire ES1-512  gebraucht 15.5 Zoll 256GB SSD 8GB Ram,Neues AngebotAcer Aspire,459491340,2021-04-06,UDC9NM4K23,OVH64241J9,1.6722689075630253,1.6722689075630253,1.5,3.1722689075630255,0.6027310924369749,3.7750000000000004,2587825
Bela,Baci,Altheider Straße,6,72365,Ratshausen,Deutschland,14T674977173,ZOBY51358018,2021-04-26,677883520,DE660670910,1,89Z0BD,Schenker XMG Neo 15 2021 Ryzen 7 5800H RTX 3070 140W TGP 512GB Notebook,Schenker XMG Neo 15,922585225,2021-04-29,UBM9MD9A6,NOV23387S2,2.512605042016807,2.512605042016807,0.0,2.512605042016807,0.47739495798319337,2.9900000000000007,1074177
